create table customers (
	id BIGSERIAL NOT NULL PRIMARY KEY,
	first_name VARCHAR(50) NOT NULL,
	last_name VARCHAR(50) NOT NULL,
	email VARCHAR(50) NOT NULL,
	city VARCHAR(50) NOT NULL
);
insert into customers (id, first_name, last_name, email, city) values (1, 'Lyndsay', 'Truggian', 'ltruggian0@google.es', 'Velké Losiny');
insert into customers (id, first_name, last_name, email, city) values (2, 'Moore', 'Werrett', 'mwerrett1@ox.ac.uk', 'Inawashiro');
insert into customers (id, first_name, last_name, email, city) values (3, 'Aurora', 'Ewebank', 'aewebank2@accuweather.com', 'Xiaohe');
insert into customers (id, first_name, last_name, email, city) values (4, 'Ernestus', 'Dolby', 'edolby3@nba.com', 'Ghormach');
insert into customers (id, first_name, last_name, email, city) values (5, 'Maggi', 'Gowland', 'mgowland4@acquirethisname.com', 'Dobdoban');
insert into customers (id, first_name, last_name, email, city) values (6, 'Trudie', 'Feaveer', 'tfeaveer5@alibaba.com', 'El Carmen');
insert into customers (id, first_name, last_name, email, city) values (7, 'Erika', 'Chantillon', 'echantillon6@umn.edu', 'Hörby');
insert into customers (id, first_name, last_name, email, city) values (8, 'Tana', 'Machon', 'tmachon7@epa.gov', 'Xinyan');
insert into customers (id, first_name, last_name, email, city) values (9, 'Arni', 'Depka', 'adepka8@xing.com', 'Terawas');
insert into customers (id, first_name, last_name, email, city) values (10, 'Whitby', 'Killough', 'wkillough9@sitemeter.com', 'Samajie Ewenkeminzu');
insert into customers (id, first_name, last_name, email, city) values (11, 'Merilee', 'Kamiyama', 'mkamiyamaa@fastcompany.com', 'Biao');
insert into customers (id, first_name, last_name, email, city) values (12, 'Bryce', 'McLaughlan', 'bmclaughlanb@blinklist.com', 'Qarāwat Banī Zayd');
insert into customers (id, first_name, last_name, email, city) values (13, 'Odilia', 'Jelk', 'ojelkc@house.gov', 'Arys');
insert into customers (id, first_name, last_name, email, city) values (14, 'Ami', 'Strotton', 'astrottond@newyorker.com', 'San Jose');
insert into customers (id, first_name, last_name, email, city) values (15, 'Dusty', 'Methley', 'dmethleye@163.com', 'Kolambugan');
insert into customers (id, first_name, last_name, email, city) values (16, 'Marjorie', 'Cominotti', 'mcominottif@skype.com', 'Kumo');
insert into customers (id, first_name, last_name, email, city) values (17, 'Romeo', 'Gail', 'rgailg@businesswire.com', 'Jaboatão');
insert into customers (id, first_name, last_name, email, city) values (18, 'Chryste', 'Digan', 'cdiganh@ihg.com', 'Antony');
insert into customers (id, first_name, last_name, email, city) values (19, 'Tressa', 'Doumerque', 'tdoumerquei@nhs.uk', 'Shuigou’ao');
insert into customers (id, first_name, last_name, email, city) values (20, 'Jeanie', 'Jakab', 'jjakabj@youtu.be', 'Bacungan');
insert into customers (id, first_name, last_name, email, city) values (21, 'Lorne', 'Apfel', 'lapfelk@prnewswire.com', 'Poitiers');
insert into customers (id, first_name, last_name, email, city) values (22, 'Austin', 'Wray', 'awrayl@blogtalkradio.com', 'Mahīn');
insert into customers (id, first_name, last_name, email, city) values (23, 'Cortney', 'Aggiss', 'caggissm@shinystat.com', 'Idenao');
insert into customers (id, first_name, last_name, email, city) values (24, 'Fabien', 'Lenaghen', 'flenaghenn@accuweather.com', 'Bandarbeyla');
insert into customers (id, first_name, last_name, email, city) values (25, 'Linell', 'Langton', 'llangtono@army.mil', 'Trondheim');
insert into customers (id, first_name, last_name, email, city) values (26, 'Aila', 'Jowett', 'ajowettp@nyu.edu', 'Aserrío de Gariché');
insert into customers (id, first_name, last_name, email, city) values (27, 'Briano', 'Christofol', 'bchristofolq@symantec.com', 'Ribeiro');
insert into customers (id, first_name, last_name, email, city) values (28, 'Talia', 'Franken', 'tfrankenr@skyrock.com', 'Vođinci');
insert into customers (id, first_name, last_name, email, city) values (29, 'James', 'Goodere', 'jgooderes@eepurl.com', 'Chisong');
insert into customers (id, first_name, last_name, email, city) values (30, 'Luce', 'Addie', 'laddiet@tuttocitta.it', 'Sop Moei');
insert into customers (id, first_name, last_name, email, city) values (31, 'Philipa', 'Jenkinson', 'pjenkinsonu@time.com', 'Kebonsari');
insert into customers (id, first_name, last_name, email, city) values (32, 'Tommy', 'Lunn', 'tlunnv@typepad.com', 'Bafatá');
insert into customers (id, first_name, last_name, email, city) values (33, 'Annora', 'Himsworth', 'ahimsworthw@bravesites.com', 'Fox Creek');
insert into customers (id, first_name, last_name, email, city) values (34, 'Steffen', 'Armatidge', 'sarmatidgex@soundcloud.com', 'Narvacan');
insert into customers (id, first_name, last_name, email, city) values (35, 'Pietrek', 'Knappett', 'pknappetty@squidoo.com', 'Åkersberga');
insert into customers (id, first_name, last_name, email, city) values (36, 'Barny', 'Feltham', 'bfelthamz@spiegel.de', 'Geneng');
insert into customers (id, first_name, last_name, email, city) values (37, 'Lindi', 'Rigney', 'lrigney10@wikimedia.org', 'Fundación');
insert into customers (id, first_name, last_name, email, city) values (38, 'Alain', 'Bride', 'abride11@google.es', 'Mojo');
insert into customers (id, first_name, last_name, email, city) values (39, 'Goldina', 'Larkins', 'glarkins12@rakuten.co.jp', 'Zhajin');
insert into customers (id, first_name, last_name, email, city) values (40, 'Frants', 'Fiorentino', 'ffiorentino13@theglobeandmail.com', 'Xiabuji');
insert into customers (id, first_name, last_name, email, city) values (41, 'Barn', 'Nix', 'bnix14@nasa.gov', 'Baiyang');
insert into customers (id, first_name, last_name, email, city) values (42, 'Melinda', 'McGeraghty', 'mmcgeraghty15@bluehost.com', 'Zhangjiahe');
insert into customers (id, first_name, last_name, email, city) values (43, 'Shayne', 'Yesichev', 'syesichev16@lulu.com', 'Los Cóndores');
insert into customers (id, first_name, last_name, email, city) values (44, 'Vladimir', 'Linnane', 'vlinnane17@redcross.org', 'Xixiang');
insert into customers (id, first_name, last_name, email, city) values (45, 'Nikolaus', 'Rolinson', 'nrolinson18@zimbio.com', 'Głogów Małopolski');
insert into customers (id, first_name, last_name, email, city) values (46, 'Valentia', 'Wilcockes', 'vwilcockes19@gnu.org', 'Uppsala');
insert into customers (id, first_name, last_name, email, city) values (47, 'Nicolette', 'Cattanach', 'ncattanach1a@alexa.com', 'Jankomir');
insert into customers (id, first_name, last_name, email, city) values (48, 'Taite', 'Pearse', 'tpearse1b@bbc.co.uk', 'Pavlovskaya');
insert into customers (id, first_name, last_name, email, city) values (49, 'Nike', 'Yanshin', 'nyanshin1c@time.com', 'Dahe');
insert into customers (id, first_name, last_name, email, city) values (50, 'Maryjane', 'Scoggan', 'mscoggan1d@1688.com', 'Zorak');
insert into customers (id, first_name, last_name, email, city) values (51, 'Shari', 'Kensitt', 'skensitt1e@godaddy.com', 'Caen');
insert into customers (id, first_name, last_name, email, city) values (52, 'Danyelle', 'Kesterton', 'dkesterton1f@webnode.com', 'Kiarajangkung');
insert into customers (id, first_name, last_name, email, city) values (53, 'Noelle', 'Holah', 'nholah1g@miibeian.gov.cn', 'Karaidel’');
insert into customers (id, first_name, last_name, email, city) values (54, 'Aleta', 'Ruzek', 'aruzek1h@ifeng.com', 'Pedaringan');
insert into customers (id, first_name, last_name, email, city) values (55, 'Blondy', 'Eicke', 'beicke1i@pagesperso-orange.fr', 'Tongda');
insert into customers (id, first_name, last_name, email, city) values (56, 'Farlay', 'Feltham', 'ffeltham1j@issuu.com', 'Santa Cruz');
insert into customers (id, first_name, last_name, email, city) values (57, 'Phillie', 'Copes', 'pcopes1k@cnn.com', 'Padas');
insert into customers (id, first_name, last_name, email, city) values (58, 'Alissa', 'Kubik', 'akubik1l@elegantthemes.com', 'La Plaine-Saint-Denis');
insert into customers (id, first_name, last_name, email, city) values (59, 'Emmett', 'Bancroft', 'ebancroft1m@themeforest.net', 'Yongdong');
insert into customers (id, first_name, last_name, email, city) values (60, 'Yelena', 'De Clairmont', 'ydeclairmont1n@privacy.gov.au', 'Chełmża');
insert into customers (id, first_name, last_name, email, city) values (61, 'Deanne', 'Cakes', 'dcakes1o@issuu.com', 'Bunisari');
insert into customers (id, first_name, last_name, email, city) values (62, 'Tabb', 'Jeness', 'tjeness1p@friendfeed.com', 'Beigou');
insert into customers (id, first_name, last_name, email, city) values (63, 'Stillman', 'Morrott', 'smorrott1q@hostgator.com', 'Străşeni');
insert into customers (id, first_name, last_name, email, city) values (64, 'Appolonia', 'Bortolomei', 'abortolomei1r@hibu.com', 'Halle');
insert into customers (id, first_name, last_name, email, city) values (65, 'Aubert', 'Skurray', 'askurray1s@canalblog.com', 'Traiguén');
insert into customers (id, first_name, last_name, email, city) values (66, 'Elna', 'Reboulet', 'ereboulet1t@engadget.com', 'Kurikka');
insert into customers (id, first_name, last_name, email, city) values (67, 'Merola', 'Eilhertsen', 'meilhertsen1u@geocities.com', 'Stockholm');
insert into customers (id, first_name, last_name, email, city) values (68, 'Basile', 'Vasiliu', 'bvasiliu1v@howstuffworks.com', 'Kablukan');
insert into customers (id, first_name, last_name, email, city) values (69, 'Anson', 'Tibbetts', 'atibbetts1w@salon.com', 'Norrköping');
insert into customers (id, first_name, last_name, email, city) values (70, 'Lorain', 'Demangeot', 'ldemangeot1x@blogger.com', 'Zhagang');
insert into customers (id, first_name, last_name, email, city) values (71, 'Dolley', 'Guiet', 'dguiet1y@baidu.com', 'Abucay');
insert into customers (id, first_name, last_name, email, city) values (72, 'Halsey', 'Apthorpe', 'hapthorpe1z@imdb.com', 'Wonocoyo Utara');
insert into customers (id, first_name, last_name, email, city) values (73, 'Marlo', 'MacAskie', 'mmacaskie20@diigo.com', 'Beigang');
insert into customers (id, first_name, last_name, email, city) values (74, 'Yance', 'Egan', 'yegan21@sphinn.com', 'Lishan');
insert into customers (id, first_name, last_name, email, city) values (75, 'Iosep', 'Saladine', 'isaladine22@imdb.com', 'Antiguo Cuscatlán');
insert into customers (id, first_name, last_name, email, city) values (76, 'Lev', 'Odby', 'lodby23@tiny.cc', 'San Gregorio');
insert into customers (id, first_name, last_name, email, city) values (77, 'Lebbie', 'Thornewill', 'lthornewill24@privacy.gov.au', 'Des Moines');
insert into customers (id, first_name, last_name, email, city) values (78, 'Dela', 'Chalice', 'dchalice25@wufoo.com', 'Nam Kliang');
insert into customers (id, first_name, last_name, email, city) values (79, 'Syman', 'Van Der Weedenburg', 'svanderweedenburg26@bbc.co.uk', 'Massaranduba');
insert into customers (id, first_name, last_name, email, city) values (80, 'Fiorenze', 'Wybern', 'fwybern27@cnbc.com', 'Priupskiy');
insert into customers (id, first_name, last_name, email, city) values (81, 'Lionel', 'Wolfit', 'lwolfit28@rediff.com', 'Bojongsari');
insert into customers (id, first_name, last_name, email, city) values (82, 'Marlena', 'Zamorrano', 'mzamorrano29@npr.org', 'Södertälje');
insert into customers (id, first_name, last_name, email, city) values (83, 'Alvera', 'Addington', 'aaddington2a@a8.net', 'Bordeaux');
insert into customers (id, first_name, last_name, email, city) values (84, 'Linc', 'Rosita', 'lrosita2b@hhs.gov', 'Dalarik');
insert into customers (id, first_name, last_name, email, city) values (85, 'Glad', 'Dore', 'gdore2c@geocities.com', 'Murfreesboro');
insert into customers (id, first_name, last_name, email, city) values (86, 'Mic', 'Pirrone', 'mpirrone2d@qq.com', 'Hveragerði');
insert into customers (id, first_name, last_name, email, city) values (87, 'Emily', 'Zute', 'ezute2e@weather.com', 'Twardogóra');
insert into customers (id, first_name, last_name, email, city) values (88, 'Cash', 'Axtell', 'caxtell2f@usda.gov', 'Nyahururu');
insert into customers (id, first_name, last_name, email, city) values (89, 'Olav', 'Davitt', 'odavitt2g@ezinearticles.com', 'Cikai');
insert into customers (id, first_name, last_name, email, city) values (90, 'Delila', 'Hargreaves', 'dhargreaves2h@sphinn.com', 'Vellinge');
insert into customers (id, first_name, last_name, email, city) values (91, 'Rufe', 'Coulsen', 'rcoulsen2i@digg.com', 'Vrangel’');
insert into customers (id, first_name, last_name, email, city) values (92, 'Fara', 'Sidebottom', 'fsidebottom2j@epa.gov', 'Babakankalong');
insert into customers (id, first_name, last_name, email, city) values (93, 'Tremaine', 'Dable', 'tdable2k@rediff.com', 'Samut Songkhram');
insert into customers (id, first_name, last_name, email, city) values (94, 'Hermia', 'Keijser', 'hkeijser2l@liveinternet.ru', 'Khoronk’');
insert into customers (id, first_name, last_name, email, city) values (95, 'Curtice', 'Dobbs', 'cdobbs2m@goo.gl', 'Ancahuasi');
insert into customers (id, first_name, last_name, email, city) values (96, 'Kristian', 'Aubin', 'kaubin2n@xrea.com', 'Mafraq');
insert into customers (id, first_name, last_name, email, city) values (97, 'Jephthah', 'Turpin', 'jturpin2o@washingtonpost.com', 'Imbang');
insert into customers (id, first_name, last_name, email, city) values (98, 'Allis', 'Gell', 'agell2p@live.com', 'Dulag');
insert into customers (id, first_name, last_name, email, city) values (99, 'Aila', 'Bolderson', 'abolderson2q@aboutads.info', 'Pakemitan Dua');
insert into customers (id, first_name, last_name, email, city) values (100, 'Drusie', 'Gomersall', 'dgomersall2r@guardian.co.uk', 'Krásná Lípa');


create table products (
	id BIGSERIAL NOT NULL PRIMARY KEY,
	name VARCHAR(50) NOT NULL,
	price DECIMAL(5,2) NOT NULL
);
insert into products (id, name, price) values (1, 'Biodegradable Trash Bags', 439.55);
insert into products (id, name, price) values (2, 'Jasmine Rice', 423.61);
insert into products (id, name, price) values (3, 'Customizable Name Puzzle', 328.73);
insert into products (id, name, price) values (4, 'Black Bean Soup', 5.16);
insert into products (id, name, price) values (5, 'Smart LED Light Strip', 262.03);
insert into products (id, name, price) values (6, 'Organic Coconut Yogurt', 105.76);
insert into products (id, name, price) values (7, 'Coconut Rice', 260.1);
insert into products (id, name, price) values (8, 'Lemon Garlic Shrimp', 78.2);
insert into products (id, name, price) values (9, 'Dark Chocolate Almond Butter Cups', 128.24);
insert into products (id, name, price) values (10, 'Black Bean Salsa', 94.45);
insert into products (id, name, price) values (11, 'Caramel Sauce', 36.02);
insert into products (id, name, price) values (12, 'Spicy Italian Sausage', 173.48);
insert into products (id, name, price) values (13, 'Garlic Parmesan Roasted Potatoes', 182.36);
insert into products (id, name, price) values (14, 'Herb-Infused Olive Oil', 478.97);
insert into products (id, name, price) values (15, 'Apple Pie Filling', 386.45);
insert into products (id, name, price) values (16, 'Zesty Garlic Hummus', 75.46);
insert into products (id, name, price) values (17, 'Lightweight Travel Backpack', 451.81);
insert into products (id, name, price) values (18, 'Organic Black Bean Burger', 325.43);
insert into products (id, name, price) values (19, 'Potting Soil', 300.24);
insert into products (id, name, price) values (20, 'Cheese Stuffed Jalapenos', 164.46);
insert into products (id, name, price) values (21, 'Ultra-Thin Laptop Sleeve', 246.12);
insert into products (id, name, price) values (22, 'Herb Garlic Butter', 22.69);
insert into products (id, name, price) values (23, 'Lemon Dill Salmon', 198.4);
insert into products (id, name, price) values (24, 'Kettle Chip Variety Pack', 493.23);
insert into products (id, name, price) values (25, 'Travel Shoe Bags Set', 134.08);
insert into products (id, name, price) values (26, 'Craft Beer Mustard', 406.65);
insert into products (id, name, price) values (27, 'Reusable Snack Bags', 276.35);
insert into products (id, name, price) values (28, 'Self-Adhesive Wallpaper', 290.21);
insert into products (id, name, price) values (29, 'Compost Bin', 411.96);
insert into products (id, name, price) values (30, 'Organic Vanilla Bean Ice Cream', 293.7);
insert into products (id, name, price) values (31, 'Home Delivery Food Journal', 101.04);
insert into products (id, name, price) values (32, 'Classic Bagels', 267.98);
insert into products (id, name, price) values (33, 'Cacao Nibs', 410.5);
insert into products (id, name, price) values (34, 'Organic Quinoa Salad', 463.07);
insert into products (id, name, price) values (35, 'LED Under Cabinet Lighting', 224.0);
insert into products (id, name, price) values (36, 'Organic Ramen Noodles', 416.83);
insert into products (id, name, price) values (37, 'LED Strip Lights Kit', 456.5);
insert into products (id, name, price) values (38, 'Chipotle Black Bean Salad', 221.85);
insert into products (id, name, price) values (39, 'Portable USB-C Monitor', 198.06);
insert into products (id, name, price) values (40, 'Smartphone Camera Lens Kit', 390.98);
insert into products (id, name, price) values (41, 'Mashed Sweet Potatoes', 297.73);
insert into products (id, name, price) values (42, 'Travel Shoe Bags Set', 186.5);
insert into products (id, name, price) values (43, 'Key Finder', 22.29);
insert into products (id, name, price) values (44, 'Portable Charcoal Grill', 198.77);
insert into products (id, name, price) values (45, 'Berries Medley', 219.63);
insert into products (id, name, price) values (46, 'Garden Hose', 16.34);
insert into products (id, name, price) values (47, 'Organic Coconut Oil', 10.3);
insert into products (id, name, price) values (48, 'Wireless Mouse', 342.16);
insert into products (id, name, price) values (49, 'Pomegranate Juice', 460.7);
insert into products (id, name, price) values (50, 'Bicycle Lock', 206.7);


create table orders (
	id BIGSERIAL NOT NULL PRIMARY KEY,
	customer_id BIGINT NOT NULL REFERENCES customers(id),
	order_date DATE NOT NULL
	);
insert into orders (id, customer_id, order_date) values (1, 8, '2023-08-23');
insert into orders (id, customer_id, order_date) values (2, 100, '2024-07-25');
insert into orders (id, customer_id, order_date) values (3, 81, '2023-04-29');
insert into orders (id, customer_id, order_date) values (4, 56, '2024-01-02');
insert into orders (id, customer_id, order_date) values (5, 43, '2023-07-19');
insert into orders (id, customer_id, order_date) values (6, 3, '2024-12-02');
insert into orders (id, customer_id, order_date) values (7, 56, '2024-04-19');
insert into orders (id, customer_id, order_date) values (8, 44, '2024-05-30');
insert into orders (id, customer_id, order_date) values (9, 49, '2023-07-16');
insert into orders (id, customer_id, order_date) values (10, 21, '2024-04-29');
insert into orders (id, customer_id, order_date) values (11, 15, '2023-05-23');
insert into orders (id, customer_id, order_date) values (12, 67, '2024-01-30');
insert into orders (id, customer_id, order_date) values (13, 84, '2024-03-23');
insert into orders (id, customer_id, order_date) values (14, 66, '2024-02-02');
insert into orders (id, customer_id, order_date) values (15, 74, '2024-11-14');
insert into orders (id, customer_id, order_date) values (16, 4, '2023-01-10');
insert into orders (id, customer_id, order_date) values (17, 85, '2024-08-05');
insert into orders (id, customer_id, order_date) values (18, 1, '2023-05-16');
insert into orders (id, customer_id, order_date) values (19, 65, '2024-05-10');
insert into orders (id, customer_id, order_date) values (20, 5, '2023-09-28');
insert into orders (id, customer_id, order_date) values (21, 89, '2023-08-28');
insert into orders (id, customer_id, order_date) values (22, 89, '2024-02-21');
insert into orders (id, customer_id, order_date) values (23, 57, '2023-06-03');
insert into orders (id, customer_id, order_date) values (24, 1, '2023-02-10');
insert into orders (id, customer_id, order_date) values (25, 69, '2023-09-09');
insert into orders (id, customer_id, order_date) values (26, 60, '2023-06-13');
insert into orders (id, customer_id, order_date) values (27, 57, '2024-07-08');
insert into orders (id, customer_id, order_date) values (28, 36, '2023-03-26');
insert into orders (id, customer_id, order_date) values (29, 45, '2023-10-11');
insert into orders (id, customer_id, order_date) values (30, 42, '2024-06-29');
insert into orders (id, customer_id, order_date) values (31, 30, '2024-12-19');
insert into orders (id, customer_id, order_date) values (32, 27, '2023-05-16');
insert into orders (id, customer_id, order_date) values (33, 5, '2024-01-09');
insert into orders (id, customer_id, order_date) values (34, 47, '2023-12-08');
insert into orders (id, customer_id, order_date) values (35, 85, '2023-12-05');
insert into orders (id, customer_id, order_date) values (36, 28, '2024-05-22');
insert into orders (id, customer_id, order_date) values (37, 88, '2024-03-02');
insert into orders (id, customer_id, order_date) values (38, 13, '2023-02-16');
insert into orders (id, customer_id, order_date) values (39, 97, '2023-08-11');
insert into orders (id, customer_id, order_date) values (40, 91, '2023-12-17');
insert into orders (id, customer_id, order_date) values (41, 33, '2024-11-28');
insert into orders (id, customer_id, order_date) values (42, 98, '2023-09-06');
insert into orders (id, customer_id, order_date) values (43, 100, '2023-04-22');
insert into orders (id, customer_id, order_date) values (44, 29, '2024-07-23');
insert into orders (id, customer_id, order_date) values (45, 19, '2023-06-05');
insert into orders (id, customer_id, order_date) values (46, 92, '2023-08-08');
insert into orders (id, customer_id, order_date) values (47, 32, '2023-10-01');
insert into orders (id, customer_id, order_date) values (48, 13, '2023-11-01');
insert into orders (id, customer_id, order_date) values (49, 83, '2024-05-24');
insert into orders (id, customer_id, order_date) values (50, 30, '2023-12-07');
insert into orders (id, customer_id, order_date) values (51, 93, '2023-02-12');
insert into orders (id, customer_id, order_date) values (52, 75, '2023-12-15');
insert into orders (id, customer_id, order_date) values (53, 32, '2023-04-13');
insert into orders (id, customer_id, order_date) values (54, 67, '2023-08-01');
insert into orders (id, customer_id, order_date) values (55, 94, '2024-12-03');
insert into orders (id, customer_id, order_date) values (56, 92, '2024-01-26');
insert into orders (id, customer_id, order_date) values (57, 96, '2024-08-26');
insert into orders (id, customer_id, order_date) values (58, 27, '2023-08-05');
insert into orders (id, customer_id, order_date) values (59, 11, '2024-06-17');
insert into orders (id, customer_id, order_date) values (60, 63, '2023-12-03');
insert into orders (id, customer_id, order_date) values (61, 39, '2024-12-02');
insert into orders (id, customer_id, order_date) values (62, 24, '2024-02-09');
insert into orders (id, customer_id, order_date) values (63, 63, '2024-03-12');
insert into orders (id, customer_id, order_date) values (64, 100, '2023-03-20');
insert into orders (id, customer_id, order_date) values (65, 16, '2023-12-28');
insert into orders (id, customer_id, order_date) values (66, 13, '2024-04-27');
insert into orders (id, customer_id, order_date) values (67, 47, '2024-07-03');
insert into orders (id, customer_id, order_date) values (68, 98, '2023-12-24');
insert into orders (id, customer_id, order_date) values (69, 70, '2023-10-23');
insert into orders (id, customer_id, order_date) values (70, 73, '2024-11-13');
insert into orders (id, customer_id, order_date) values (71, 89, '2024-02-22');
insert into orders (id, customer_id, order_date) values (72, 44, '2023-07-03');
insert into orders (id, customer_id, order_date) values (73, 99, '2023-01-14');
insert into orders (id, customer_id, order_date) values (74, 7, '2023-01-02');
insert into orders (id, customer_id, order_date) values (75, 47, '2024-09-09');
insert into orders (id, customer_id, order_date) values (76, 15, '2024-04-29');
insert into orders (id, customer_id, order_date) values (77, 96, '2024-11-06');
insert into orders (id, customer_id, order_date) values (78, 92, '2023-08-04');
insert into orders (id, customer_id, order_date) values (79, 90, '2023-12-24');
insert into orders (id, customer_id, order_date) values (80, 30, '2023-09-27');
insert into orders (id, customer_id, order_date) values (81, 77, '2023-04-18');
insert into orders (id, customer_id, order_date) values (82, 9, '2023-09-29');
insert into orders (id, customer_id, order_date) values (83, 51, '2024-03-13');
insert into orders (id, customer_id, order_date) values (84, 90, '2023-09-18');
insert into orders (id, customer_id, order_date) values (85, 47, '2024-11-02');
insert into orders (id, customer_id, order_date) values (86, 2, '2024-01-28');
insert into orders (id, customer_id, order_date) values (87, 72, '2024-05-30');
insert into orders (id, customer_id, order_date) values (88, 15, '2024-07-25');
insert into orders (id, customer_id, order_date) values (89, 2, '2024-02-16');
insert into orders (id, customer_id, order_date) values (90, 85, '2024-03-04');
insert into orders (id, customer_id, order_date) values (91, 7, '2023-11-30');
insert into orders (id, customer_id, order_date) values (92, 100, '2023-09-18');
insert into orders (id, customer_id, order_date) values (93, 88, '2023-01-31');
insert into orders (id, customer_id, order_date) values (94, 81, '2024-09-30');
insert into orders (id, customer_id, order_date) values (95, 81, '2023-10-10');
insert into orders (id, customer_id, order_date) values (96, 83, '2023-12-08');
insert into orders (id, customer_id, order_date) values (97, 21, '2024-02-15');
insert into orders (id, customer_id, order_date) values (98, 43, '2024-01-22');
insert into orders (id, customer_id, order_date) values (99, 56, '2023-01-29');
insert into orders (id, customer_id, order_date) values (100, 36, '2023-08-25');
insert into orders (id, customer_id, order_date) values (101, 20, '2023-11-30');
insert into orders (id, customer_id, order_date) values (102, 65, '2023-02-07');
insert into orders (id, customer_id, order_date) values (103, 46, '2023-05-25');
insert into orders (id, customer_id, order_date) values (104, 11, '2023-12-14');
insert into orders (id, customer_id, order_date) values (105, 77, '2024-11-26');
insert into orders (id, customer_id, order_date) values (106, 66, '2024-12-30');
insert into orders (id, customer_id, order_date) values (107, 27, '2024-06-07');
insert into orders (id, customer_id, order_date) values (108, 13, '2024-07-18');
insert into orders (id, customer_id, order_date) values (109, 27, '2023-04-03');
insert into orders (id, customer_id, order_date) values (110, 2, '2024-11-17');
insert into orders (id, customer_id, order_date) values (111, 38, '2024-10-03');
insert into orders (id, customer_id, order_date) values (112, 79, '2024-10-09');
insert into orders (id, customer_id, order_date) values (113, 12, '2024-10-21');
insert into orders (id, customer_id, order_date) values (114, 93, '2023-03-29');
insert into orders (id, customer_id, order_date) values (115, 39, '2024-11-17');
insert into orders (id, customer_id, order_date) values (116, 78, '2024-09-29');
insert into orders (id, customer_id, order_date) values (117, 29, '2024-06-06');
insert into orders (id, customer_id, order_date) values (118, 61, '2023-02-26');
insert into orders (id, customer_id, order_date) values (119, 55, '2024-02-28');
insert into orders (id, customer_id, order_date) values (120, 3, '2023-07-06');
insert into orders (id, customer_id, order_date) values (121, 93, '2023-10-22');
insert into orders (id, customer_id, order_date) values (122, 7, '2023-10-24');
insert into orders (id, customer_id, order_date) values (123, 29, '2024-10-29');
insert into orders (id, customer_id, order_date) values (124, 17, '2024-02-26');
insert into orders (id, customer_id, order_date) values (125, 73, '2023-03-28');
insert into orders (id, customer_id, order_date) values (126, 81, '2024-06-23');
insert into orders (id, customer_id, order_date) values (127, 48, '2023-05-02');
insert into orders (id, customer_id, order_date) values (128, 40, '2024-08-06');
insert into orders (id, customer_id, order_date) values (129, 49, '2023-08-02');
insert into orders (id, customer_id, order_date) values (130, 25, '2024-11-20');
insert into orders (id, customer_id, order_date) values (131, 54, '2024-06-01');
insert into orders (id, customer_id, order_date) values (132, 53, '2023-07-18');
insert into orders (id, customer_id, order_date) values (133, 99, '2024-08-15');
insert into orders (id, customer_id, order_date) values (134, 84, '2024-05-15');
insert into orders (id, customer_id, order_date) values (135, 5, '2023-07-29');
insert into orders (id, customer_id, order_date) values (136, 96, '2023-05-30');
insert into orders (id, customer_id, order_date) values (137, 13, '2024-03-28');
insert into orders (id, customer_id, order_date) values (138, 16, '2024-10-31');
insert into orders (id, customer_id, order_date) values (139, 55, '2024-11-15');
insert into orders (id, customer_id, order_date) values (140, 13, '2023-09-06');
insert into orders (id, customer_id, order_date) values (141, 38, '2023-08-10');
insert into orders (id, customer_id, order_date) values (142, 77, '2023-07-18');
insert into orders (id, customer_id, order_date) values (143, 83, '2023-06-14');
insert into orders (id, customer_id, order_date) values (144, 77, '2024-04-07');
insert into orders (id, customer_id, order_date) values (145, 56, '2023-11-19');
insert into orders (id, customer_id, order_date) values (146, 3, '2023-02-14');
insert into orders (id, customer_id, order_date) values (147, 93, '2023-02-09');
insert into orders (id, customer_id, order_date) values (148, 46, '2024-12-11');
insert into orders (id, customer_id, order_date) values (149, 56, '2024-11-06');
insert into orders (id, customer_id, order_date) values (150, 72, '2024-02-23');
insert into orders (id, customer_id, order_date) values (151, 71, '2023-07-31');
insert into orders (id, customer_id, order_date) values (152, 60, '2023-01-24');
insert into orders (id, customer_id, order_date) values (153, 27, '2024-09-23');
insert into orders (id, customer_id, order_date) values (154, 40, '2024-08-05');
insert into orders (id, customer_id, order_date) values (155, 97, '2024-04-01');
insert into orders (id, customer_id, order_date) values (156, 60, '2024-08-07');
insert into orders (id, customer_id, order_date) values (157, 38, '2023-05-26');
insert into orders (id, customer_id, order_date) values (158, 57, '2024-10-18');
insert into orders (id, customer_id, order_date) values (159, 14, '2023-02-19');
insert into orders (id, customer_id, order_date) values (160, 11, '2023-06-24');
insert into orders (id, customer_id, order_date) values (161, 39, '2024-01-19');
insert into orders (id, customer_id, order_date) values (162, 72, '2023-05-30');
insert into orders (id, customer_id, order_date) values (163, 82, '2023-07-05');
insert into orders (id, customer_id, order_date) values (164, 92, '2024-05-08');
insert into orders (id, customer_id, order_date) values (165, 88, '2024-06-24');
insert into orders (id, customer_id, order_date) values (166, 57, '2023-06-30');
insert into orders (id, customer_id, order_date) values (167, 97, '2024-08-15');
insert into orders (id, customer_id, order_date) values (168, 91, '2023-06-30');
insert into orders (id, customer_id, order_date) values (169, 8, '2023-09-05');
insert into orders (id, customer_id, order_date) values (170, 77, '2024-05-13');
insert into orders (id, customer_id, order_date) values (171, 26, '2024-08-13');
insert into orders (id, customer_id, order_date) values (172, 68, '2023-05-17');
insert into orders (id, customer_id, order_date) values (173, 40, '2024-05-01');
insert into orders (id, customer_id, order_date) values (174, 33, '2023-06-02');
insert into orders (id, customer_id, order_date) values (175, 19, '2023-12-14');
insert into orders (id, customer_id, order_date) values (176, 65, '2023-03-24');
insert into orders (id, customer_id, order_date) values (177, 65, '2024-11-08');
insert into orders (id, customer_id, order_date) values (178, 68, '2023-06-11');
insert into orders (id, customer_id, order_date) values (179, 90, '2023-12-12');
insert into orders (id, customer_id, order_date) values (180, 12, '2023-10-17');
insert into orders (id, customer_id, order_date) values (181, 17, '2023-08-25');
insert into orders (id, customer_id, order_date) values (182, 80, '2023-03-05');
insert into orders (id, customer_id, order_date) values (183, 10, '2024-01-26');
insert into orders (id, customer_id, order_date) values (184, 51, '2023-06-24');
insert into orders (id, customer_id, order_date) values (185, 20, '2024-12-27');
insert into orders (id, customer_id, order_date) values (186, 93, '2024-12-03');
insert into orders (id, customer_id, order_date) values (187, 48, '2023-06-28');
insert into orders (id, customer_id, order_date) values (188, 58, '2023-05-15');
insert into orders (id, customer_id, order_date) values (189, 45, '2023-06-09');
insert into orders (id, customer_id, order_date) values (190, 63, '2024-07-31');
insert into orders (id, customer_id, order_date) values (191, 55, '2024-06-21');
insert into orders (id, customer_id, order_date) values (192, 69, '2023-07-02');
insert into orders (id, customer_id, order_date) values (193, 83, '2023-12-17');
insert into orders (id, customer_id, order_date) values (194, 89, '2023-10-22');
insert into orders (id, customer_id, order_date) values (195, 64, '2024-08-02');
insert into orders (id, customer_id, order_date) values (196, 37, '2023-10-22');
insert into orders (id, customer_id, order_date) values (197, 18, '2024-03-09');
insert into orders (id, customer_id, order_date) values (198, 46, '2023-10-01');
insert into orders (id, customer_id, order_date) values (199, 61, '2024-06-06');
insert into orders (id, customer_id, order_date) values (200, 60, '2024-01-14');
insert into orders (id, customer_id, order_date) values (201, 71, '2023-11-05');
insert into orders (id, customer_id, order_date) values (202, 51, '2024-01-04');
insert into orders (id, customer_id, order_date) values (203, 74, '2024-11-21');
insert into orders (id, customer_id, order_date) values (204, 64, '2024-07-09');
insert into orders (id, customer_id, order_date) values (205, 28, '2024-03-26');
insert into orders (id, customer_id, order_date) values (206, 28, '2024-12-22');
insert into orders (id, customer_id, order_date) values (207, 33, '2023-02-24');
insert into orders (id, customer_id, order_date) values (208, 55, '2024-05-29');
insert into orders (id, customer_id, order_date) values (209, 90, '2024-07-17');
insert into orders (id, customer_id, order_date) values (210, 53, '2023-12-04');
insert into orders (id, customer_id, order_date) values (211, 74, '2023-08-23');
insert into orders (id, customer_id, order_date) values (212, 86, '2023-05-06');
insert into orders (id, customer_id, order_date) values (213, 23, '2024-07-02');
insert into orders (id, customer_id, order_date) values (214, 36, '2023-10-27');
insert into orders (id, customer_id, order_date) values (215, 1, '2024-07-14');
insert into orders (id, customer_id, order_date) values (216, 40, '2023-09-22');
insert into orders (id, customer_id, order_date) values (217, 22, '2024-08-24');
insert into orders (id, customer_id, order_date) values (218, 15, '2024-09-09');
insert into orders (id, customer_id, order_date) values (219, 99, '2024-01-20');
insert into orders (id, customer_id, order_date) values (220, 62, '2023-11-23');
insert into orders (id, customer_id, order_date) values (221, 28, '2024-03-17');
insert into orders (id, customer_id, order_date) values (222, 3, '2023-12-20');
insert into orders (id, customer_id, order_date) values (223, 89, '2023-10-21');
insert into orders (id, customer_id, order_date) values (224, 47, '2024-10-02');
insert into orders (id, customer_id, order_date) values (225, 66, '2024-11-08');
insert into orders (id, customer_id, order_date) values (226, 14, '2024-05-14');
insert into orders (id, customer_id, order_date) values (227, 71, '2024-11-15');
insert into orders (id, customer_id, order_date) values (228, 59, '2024-07-23');
insert into orders (id, customer_id, order_date) values (229, 86, '2023-10-23');
insert into orders (id, customer_id, order_date) values (230, 67, '2023-09-21');
insert into orders (id, customer_id, order_date) values (231, 46, '2024-04-01');
insert into orders (id, customer_id, order_date) values (232, 89, '2024-12-04');
insert into orders (id, customer_id, order_date) values (233, 87, '2024-05-09');
insert into orders (id, customer_id, order_date) values (234, 83, '2023-08-11');
insert into orders (id, customer_id, order_date) values (235, 88, '2024-11-09');
insert into orders (id, customer_id, order_date) values (236, 91, '2024-06-12');
insert into orders (id, customer_id, order_date) values (237, 94, '2024-07-30');
insert into orders (id, customer_id, order_date) values (238, 4, '2024-05-03');
insert into orders (id, customer_id, order_date) values (239, 60, '2023-12-01');
insert into orders (id, customer_id, order_date) values (240, 41, '2024-08-31');
insert into orders (id, customer_id, order_date) values (241, 78, '2023-01-04');
insert into orders (id, customer_id, order_date) values (242, 11, '2024-02-22');
insert into orders (id, customer_id, order_date) values (243, 18, '2023-02-21');
insert into orders (id, customer_id, order_date) values (244, 95, '2023-01-25');
insert into orders (id, customer_id, order_date) values (245, 76, '2024-08-06');
insert into orders (id, customer_id, order_date) values (246, 49, '2023-11-24');
insert into orders (id, customer_id, order_date) values (247, 37, '2023-12-24');
insert into orders (id, customer_id, order_date) values (248, 85, '2024-08-26');
insert into orders (id, customer_id, order_date) values (249, 70, '2023-01-04');
insert into orders (id, customer_id, order_date) values (250, 41, '2024-04-27');
insert into orders (id, customer_id, order_date) values (251, 95, '2023-12-05');
insert into orders (id, customer_id, order_date) values (252, 82, '2024-08-05');
insert into orders (id, customer_id, order_date) values (253, 5, '2023-08-10');
insert into orders (id, customer_id, order_date) values (254, 70, '2023-03-07');
insert into orders (id, customer_id, order_date) values (255, 21, '2024-03-10');
insert into orders (id, customer_id, order_date) values (256, 96, '2024-12-10');
insert into orders (id, customer_id, order_date) values (257, 100, '2023-08-30');
insert into orders (id, customer_id, order_date) values (258, 26, '2023-11-18');
insert into orders (id, customer_id, order_date) values (259, 20, '2024-07-22');
insert into orders (id, customer_id, order_date) values (260, 11, '2023-01-08');
insert into orders (id, customer_id, order_date) values (261, 78, '2023-02-04');
insert into orders (id, customer_id, order_date) values (262, 68, '2023-11-30');
insert into orders (id, customer_id, order_date) values (263, 98, '2023-04-18');
insert into orders (id, customer_id, order_date) values (264, 47, '2024-04-26');
insert into orders (id, customer_id, order_date) values (265, 73, '2024-02-25');
insert into orders (id, customer_id, order_date) values (266, 1, '2024-07-02');
insert into orders (id, customer_id, order_date) values (267, 5, '2023-06-26');
insert into orders (id, customer_id, order_date) values (268, 99, '2023-02-18');
insert into orders (id, customer_id, order_date) values (269, 9, '2023-12-01');
insert into orders (id, customer_id, order_date) values (270, 71, '2023-10-13');
insert into orders (id, customer_id, order_date) values (271, 20, '2023-02-28');
insert into orders (id, customer_id, order_date) values (272, 70, '2024-05-08');
insert into orders (id, customer_id, order_date) values (273, 47, '2023-12-28');
insert into orders (id, customer_id, order_date) values (274, 56, '2024-10-21');
insert into orders (id, customer_id, order_date) values (275, 13, '2024-05-15');
insert into orders (id, customer_id, order_date) values (276, 65, '2024-11-28');
insert into orders (id, customer_id, order_date) values (277, 16, '2023-09-15');
insert into orders (id, customer_id, order_date) values (278, 19, '2024-12-25');
insert into orders (id, customer_id, order_date) values (279, 49, '2024-10-03');
insert into orders (id, customer_id, order_date) values (280, 71, '2024-01-01');
insert into orders (id, customer_id, order_date) values (281, 68, '2023-08-06');
insert into orders (id, customer_id, order_date) values (282, 46, '2024-09-18');
insert into orders (id, customer_id, order_date) values (283, 25, '2024-09-29');
insert into orders (id, customer_id, order_date) values (284, 67, '2024-11-23');
insert into orders (id, customer_id, order_date) values (285, 55, '2023-12-04');
insert into orders (id, customer_id, order_date) values (286, 90, '2024-08-15');
insert into orders (id, customer_id, order_date) values (287, 38, '2023-02-19');
insert into orders (id, customer_id, order_date) values (288, 57, '2024-11-08');
insert into orders (id, customer_id, order_date) values (289, 46, '2023-04-21');
insert into orders (id, customer_id, order_date) values (290, 68, '2024-04-24');
insert into orders (id, customer_id, order_date) values (291, 61, '2023-12-16');
insert into orders (id, customer_id, order_date) values (292, 49, '2024-10-02');
insert into orders (id, customer_id, order_date) values (293, 88, '2023-01-02');
insert into orders (id, customer_id, order_date) values (294, 58, '2023-03-05');
insert into orders (id, customer_id, order_date) values (295, 10, '2024-01-27');
insert into orders (id, customer_id, order_date) values (296, 92, '2024-07-22');
insert into orders (id, customer_id, order_date) values (297, 51, '2023-06-15');
insert into orders (id, customer_id, order_date) values (298, 2, '2023-07-26');
insert into orders (id, customer_id, order_date) values (299, 7, '2023-01-02');
insert into orders (id, customer_id, order_date) values (300, 44, '2023-04-21');
insert into orders (id, customer_id, order_date) values (301, 73, '2024-07-28');
insert into orders (id, customer_id, order_date) values (302, 97, '2023-02-20');
insert into orders (id, customer_id, order_date) values (303, 14, '2024-11-10');
insert into orders (id, customer_id, order_date) values (304, 94, '2024-07-08');
insert into orders (id, customer_id, order_date) values (305, 33, '2024-06-17');
insert into orders (id, customer_id, order_date) values (306, 39, '2023-02-20');
insert into orders (id, customer_id, order_date) values (307, 60, '2023-11-11');
insert into orders (id, customer_id, order_date) values (308, 65, '2023-08-07');
insert into orders (id, customer_id, order_date) values (309, 43, '2023-02-28');
insert into orders (id, customer_id, order_date) values (310, 55, '2023-08-18');
insert into orders (id, customer_id, order_date) values (311, 48, '2024-01-27');
insert into orders (id, customer_id, order_date) values (312, 81, '2024-02-08');
insert into orders (id, customer_id, order_date) values (313, 67, '2024-05-06');
insert into orders (id, customer_id, order_date) values (314, 70, '2023-09-25');
insert into orders (id, customer_id, order_date) values (315, 84, '2024-12-12');
insert into orders (id, customer_id, order_date) values (316, 58, '2023-05-31');
insert into orders (id, customer_id, order_date) values (317, 96, '2023-11-15');
insert into orders (id, customer_id, order_date) values (318, 36, '2023-07-14');
insert into orders (id, customer_id, order_date) values (319, 58, '2024-06-25');
insert into orders (id, customer_id, order_date) values (320, 84, '2024-04-28');
insert into orders (id, customer_id, order_date) values (321, 16, '2024-03-04');
insert into orders (id, customer_id, order_date) values (322, 68, '2024-08-28');
insert into orders (id, customer_id, order_date) values (323, 28, '2023-11-22');
insert into orders (id, customer_id, order_date) values (324, 66, '2024-08-26');
insert into orders (id, customer_id, order_date) values (325, 20, '2024-04-03');
insert into orders (id, customer_id, order_date) values (326, 76, '2024-12-27');
insert into orders (id, customer_id, order_date) values (327, 39, '2024-10-19');
insert into orders (id, customer_id, order_date) values (328, 45, '2023-05-04');
insert into orders (id, customer_id, order_date) values (329, 85, '2024-08-28');
insert into orders (id, customer_id, order_date) values (330, 81, '2023-07-23');
insert into orders (id, customer_id, order_date) values (331, 73, '2023-03-07');
insert into orders (id, customer_id, order_date) values (332, 11, '2024-11-22');
insert into orders (id, customer_id, order_date) values (333, 16, '2024-08-05');
insert into orders (id, customer_id, order_date) values (334, 64, '2023-11-06');
insert into orders (id, customer_id, order_date) values (335, 64, '2024-01-31');
insert into orders (id, customer_id, order_date) values (336, 78, '2024-11-28');
insert into orders (id, customer_id, order_date) values (337, 99, '2024-02-06');
insert into orders (id, customer_id, order_date) values (338, 32, '2023-01-22');
insert into orders (id, customer_id, order_date) values (339, 44, '2023-08-12');
insert into orders (id, customer_id, order_date) values (340, 75, '2023-03-23');
insert into orders (id, customer_id, order_date) values (341, 57, '2024-07-17');
insert into orders (id, customer_id, order_date) values (342, 42, '2023-01-09');
insert into orders (id, customer_id, order_date) values (343, 2, '2023-07-16');
insert into orders (id, customer_id, order_date) values (344, 6, '2023-02-11');
insert into orders (id, customer_id, order_date) values (345, 9, '2023-06-26');
insert into orders (id, customer_id, order_date) values (346, 53, '2024-02-14');
insert into orders (id, customer_id, order_date) values (347, 92, '2023-06-02');
insert into orders (id, customer_id, order_date) values (348, 69, '2023-03-03');
insert into orders (id, customer_id, order_date) values (349, 59, '2023-08-06');
insert into orders (id, customer_id, order_date) values (350, 24, '2023-07-12');
insert into orders (id, customer_id, order_date) values (351, 88, '2024-01-08');
insert into orders (id, customer_id, order_date) values (352, 30, '2024-10-10');
insert into orders (id, customer_id, order_date) values (353, 47, '2023-01-11');
insert into orders (id, customer_id, order_date) values (354, 84, '2023-01-19');
insert into orders (id, customer_id, order_date) values (355, 53, '2023-05-01');
insert into orders (id, customer_id, order_date) values (356, 96, '2024-12-29');
insert into orders (id, customer_id, order_date) values (357, 45, '2023-10-14');
insert into orders (id, customer_id, order_date) values (358, 41, '2023-06-13');
insert into orders (id, customer_id, order_date) values (359, 26, '2023-08-24');
insert into orders (id, customer_id, order_date) values (360, 60, '2024-07-19');
insert into orders (id, customer_id, order_date) values (361, 64, '2023-09-01');
insert into orders (id, customer_id, order_date) values (362, 21, '2023-05-13');
insert into orders (id, customer_id, order_date) values (363, 47, '2024-03-12');
insert into orders (id, customer_id, order_date) values (364, 66, '2023-07-02');
insert into orders (id, customer_id, order_date) values (365, 8, '2023-04-12');
insert into orders (id, customer_id, order_date) values (366, 58, '2024-06-24');
insert into orders (id, customer_id, order_date) values (367, 9, '2024-07-04');
insert into orders (id, customer_id, order_date) values (368, 30, '2023-01-20');
insert into orders (id, customer_id, order_date) values (369, 68, '2024-08-26');
insert into orders (id, customer_id, order_date) values (370, 67, '2024-02-14');
insert into orders (id, customer_id, order_date) values (371, 52, '2024-02-01');
insert into orders (id, customer_id, order_date) values (372, 16, '2024-05-29');
insert into orders (id, customer_id, order_date) values (373, 40, '2023-07-31');
insert into orders (id, customer_id, order_date) values (374, 35, '2024-01-13');
insert into orders (id, customer_id, order_date) values (375, 13, '2024-03-10');
insert into orders (id, customer_id, order_date) values (376, 16, '2024-09-05');
insert into orders (id, customer_id, order_date) values (377, 50, '2023-08-10');
insert into orders (id, customer_id, order_date) values (378, 81, '2024-06-01');
insert into orders (id, customer_id, order_date) values (379, 9, '2023-10-22');
insert into orders (id, customer_id, order_date) values (380, 81, '2024-03-24');
insert into orders (id, customer_id, order_date) values (381, 1, '2023-10-23');
insert into orders (id, customer_id, order_date) values (382, 10, '2024-07-31');
insert into orders (id, customer_id, order_date) values (383, 46, '2023-09-27');
insert into orders (id, customer_id, order_date) values (384, 84, '2023-05-30');
insert into orders (id, customer_id, order_date) values (385, 50, '2023-03-22');
insert into orders (id, customer_id, order_date) values (386, 76, '2024-10-31');
insert into orders (id, customer_id, order_date) values (387, 34, '2023-10-25');
insert into orders (id, customer_id, order_date) values (388, 34, '2023-05-03');
insert into orders (id, customer_id, order_date) values (389, 5, '2023-01-27');
insert into orders (id, customer_id, order_date) values (390, 77, '2024-01-02');
insert into orders (id, customer_id, order_date) values (391, 14, '2023-07-19');
insert into orders (id, customer_id, order_date) values (392, 85, '2023-06-17');
insert into orders (id, customer_id, order_date) values (393, 54, '2023-02-14');
insert into orders (id, customer_id, order_date) values (394, 77, '2023-03-18');
insert into orders (id, customer_id, order_date) values (395, 47, '2023-03-06');
insert into orders (id, customer_id, order_date) values (396, 25, '2023-04-24');
insert into orders (id, customer_id, order_date) values (397, 3, '2024-05-19');
insert into orders (id, customer_id, order_date) values (398, 56, '2023-03-09');
insert into orders (id, customer_id, order_date) values (399, 15, '2024-12-27');
insert into orders (id, customer_id, order_date) values (400, 48, '2024-11-18');
insert into orders (id, customer_id, order_date) values (401, 77, '2024-05-18');
insert into orders (id, customer_id, order_date) values (402, 39, '2023-02-23');
insert into orders (id, customer_id, order_date) values (403, 77, '2023-04-01');
insert into orders (id, customer_id, order_date) values (404, 60, '2023-11-06');
insert into orders (id, customer_id, order_date) values (405, 88, '2024-09-27');
insert into orders (id, customer_id, order_date) values (406, 49, '2023-06-18');
insert into orders (id, customer_id, order_date) values (407, 52, '2023-08-14');
insert into orders (id, customer_id, order_date) values (408, 37, '2024-05-22');
insert into orders (id, customer_id, order_date) values (409, 33, '2023-03-30');
insert into orders (id, customer_id, order_date) values (410, 55, '2023-09-24');
insert into orders (id, customer_id, order_date) values (411, 35, '2024-02-04');
insert into orders (id, customer_id, order_date) values (412, 67, '2024-11-05');
insert into orders (id, customer_id, order_date) values (413, 41, '2024-12-14');
insert into orders (id, customer_id, order_date) values (414, 57, '2023-02-01');
insert into orders (id, customer_id, order_date) values (415, 89, '2023-02-01');
insert into orders (id, customer_id, order_date) values (416, 51, '2023-04-20');
insert into orders (id, customer_id, order_date) values (417, 86, '2024-04-20');
insert into orders (id, customer_id, order_date) values (418, 80, '2024-10-04');
insert into orders (id, customer_id, order_date) values (419, 73, '2023-11-26');
insert into orders (id, customer_id, order_date) values (420, 52, '2024-09-30');
insert into orders (id, customer_id, order_date) values (421, 93, '2024-10-21');
insert into orders (id, customer_id, order_date) values (422, 79, '2023-08-06');
insert into orders (id, customer_id, order_date) values (423, 65, '2023-04-28');
insert into orders (id, customer_id, order_date) values (424, 26, '2023-12-16');
insert into orders (id, customer_id, order_date) values (425, 68, '2024-10-19');
insert into orders (id, customer_id, order_date) values (426, 81, '2024-01-22');
insert into orders (id, customer_id, order_date) values (427, 84, '2023-03-07');
insert into orders (id, customer_id, order_date) values (428, 91, '2023-05-12');
insert into orders (id, customer_id, order_date) values (429, 69, '2023-02-27');
insert into orders (id, customer_id, order_date) values (430, 38, '2023-08-23');
insert into orders (id, customer_id, order_date) values (431, 74, '2024-01-10');
insert into orders (id, customer_id, order_date) values (432, 90, '2023-02-11');
insert into orders (id, customer_id, order_date) values (433, 62, '2024-01-15');
insert into orders (id, customer_id, order_date) values (434, 17, '2023-03-30');
insert into orders (id, customer_id, order_date) values (435, 19, '2023-07-18');
insert into orders (id, customer_id, order_date) values (436, 61, '2024-10-02');
insert into orders (id, customer_id, order_date) values (437, 26, '2023-02-12');
insert into orders (id, customer_id, order_date) values (438, 30, '2023-02-07');
insert into orders (id, customer_id, order_date) values (439, 29, '2024-04-04');
insert into orders (id, customer_id, order_date) values (440, 91, '2023-06-04');
insert into orders (id, customer_id, order_date) values (441, 5, '2024-03-05');
insert into orders (id, customer_id, order_date) values (442, 13, '2023-11-05');
insert into orders (id, customer_id, order_date) values (443, 15, '2023-04-24');
insert into orders (id, customer_id, order_date) values (444, 47, '2024-07-31');
insert into orders (id, customer_id, order_date) values (445, 12, '2023-12-22');
insert into orders (id, customer_id, order_date) values (446, 44, '2023-10-09');
insert into orders (id, customer_id, order_date) values (447, 56, '2023-04-05');
insert into orders (id, customer_id, order_date) values (448, 33, '2024-06-18');
insert into orders (id, customer_id, order_date) values (449, 16, '2023-08-30');
insert into orders (id, customer_id, order_date) values (450, 72, '2023-09-14');
insert into orders (id, customer_id, order_date) values (451, 91, '2024-05-31');
insert into orders (id, customer_id, order_date) values (452, 16, '2024-12-27');
insert into orders (id, customer_id, order_date) values (453, 59, '2024-01-10');
insert into orders (id, customer_id, order_date) values (454, 44, '2023-12-17');
insert into orders (id, customer_id, order_date) values (455, 22, '2023-07-10');
insert into orders (id, customer_id, order_date) values (456, 88, '2023-01-21');
insert into orders (id, customer_id, order_date) values (457, 33, '2023-02-17');
insert into orders (id, customer_id, order_date) values (458, 71, '2023-06-18');
insert into orders (id, customer_id, order_date) values (459, 73, '2023-12-11');
insert into orders (id, customer_id, order_date) values (460, 58, '2024-02-26');
insert into orders (id, customer_id, order_date) values (461, 86, '2023-07-28');
insert into orders (id, customer_id, order_date) values (462, 54, '2023-05-08');
insert into orders (id, customer_id, order_date) values (463, 7, '2023-10-30');
insert into orders (id, customer_id, order_date) values (464, 1, '2023-12-08');
insert into orders (id, customer_id, order_date) values (465, 99, '2023-06-28');
insert into orders (id, customer_id, order_date) values (466, 56, '2024-05-13');
insert into orders (id, customer_id, order_date) values (467, 40, '2023-04-16');
insert into orders (id, customer_id, order_date) values (468, 18, '2024-09-02');
insert into orders (id, customer_id, order_date) values (469, 92, '2024-11-20');
insert into orders (id, customer_id, order_date) values (470, 52, '2023-09-15');
insert into orders (id, customer_id, order_date) values (471, 4, '2023-02-25');
insert into orders (id, customer_id, order_date) values (472, 21, '2024-01-23');
insert into orders (id, customer_id, order_date) values (473, 39, '2024-08-06');
insert into orders (id, customer_id, order_date) values (474, 53, '2024-08-10');
insert into orders (id, customer_id, order_date) values (475, 59, '2024-11-23');
insert into orders (id, customer_id, order_date) values (476, 47, '2023-06-12');
insert into orders (id, customer_id, order_date) values (477, 12, '2024-11-13');
insert into orders (id, customer_id, order_date) values (478, 51, '2024-05-19');
insert into orders (id, customer_id, order_date) values (479, 56, '2024-06-05');
insert into orders (id, customer_id, order_date) values (480, 31, '2023-03-20');
insert into orders (id, customer_id, order_date) values (481, 30, '2024-10-06');
insert into orders (id, customer_id, order_date) values (482, 50, '2024-06-29');
insert into orders (id, customer_id, order_date) values (483, 22, '2023-10-12');
insert into orders (id, customer_id, order_date) values (484, 70, '2023-07-06');
insert into orders (id, customer_id, order_date) values (485, 45, '2024-06-29');
insert into orders (id, customer_id, order_date) values (486, 55, '2023-01-13');
insert into orders (id, customer_id, order_date) values (487, 95, '2023-03-31');
insert into orders (id, customer_id, order_date) values (488, 72, '2023-10-25');
insert into orders (id, customer_id, order_date) values (489, 71, '2024-10-03');
insert into orders (id, customer_id, order_date) values (490, 48, '2023-10-06');
insert into orders (id, customer_id, order_date) values (491, 100, '2024-10-16');
insert into orders (id, customer_id, order_date) values (492, 88, '2024-10-29');
insert into orders (id, customer_id, order_date) values (493, 58, '2024-09-18');
insert into orders (id, customer_id, order_date) values (494, 53, '2023-12-27');
insert into orders (id, customer_id, order_date) values (495, 92, '2023-03-12');
insert into orders (id, customer_id, order_date) values (496, 69, '2023-01-03');
insert into orders (id, customer_id, order_date) values (497, 49, '2024-05-17');
insert into orders (id, customer_id, order_date) values (498, 81, '2024-10-23');
insert into orders (id, customer_id, order_date) values (499, 52, '2023-03-05');
insert into orders (id, customer_id, order_date) values (500, 18, '2024-06-13');


create table order_items (
	id BIGSERIAL NOT NULL PRIMARY KEY,
	order_id BIGINT NOT NULL REFERENCES orders(id),
	product_id BIGINT NOT NULL REFERENCES products(id),
	quantity INT
	);
insert into order_items (id, order_id, product_id, quantity) values (1, 354, 4, 3);
insert into order_items (id, order_id, product_id, quantity) values (2, 24, 28, 2);
insert into order_items (id, order_id, product_id, quantity) values (3, 222, 24, 1);
insert into order_items (id, order_id, product_id, quantity) values (4, 192, 12, 2);
insert into order_items (id, order_id, product_id, quantity) values (5, 249, 2, 4);
insert into order_items (id, order_id, product_id, quantity) values (6, 36, 21, 2);
insert into order_items (id, order_id, product_id, quantity) values (7, 419, 27, 3);
insert into order_items (id, order_id, product_id, quantity) values (8, 75, 16, 2);
insert into order_items (id, order_id, product_id, quantity) values (9, 487, 12, 5);
insert into order_items (id, order_id, product_id, quantity) values (10, 291, 29, 3);
insert into order_items (id, order_id, product_id, quantity) values (11, 329, 2, 2);
insert into order_items (id, order_id, product_id, quantity) values (12, 150, 25, 2);
insert into order_items (id, order_id, product_id, quantity) values (13, 314, 40, 1);
insert into order_items (id, order_id, product_id, quantity) values (14, 34, 31, 2);
insert into order_items (id, order_id, product_id, quantity) values (15, 195, 36, 1);
insert into order_items (id, order_id, product_id, quantity) values (16, 331, 2, 2);
insert into order_items (id, order_id, product_id, quantity) values (17, 436, 46, 5);
insert into order_items (id, order_id, product_id, quantity) values (18, 293, 39, 2);
insert into order_items (id, order_id, product_id, quantity) values (19, 228, 25, 2);
insert into order_items (id, order_id, product_id, quantity) values (20, 428, 1, 2);
insert into order_items (id, order_id, product_id, quantity) values (21, 111, 24, 4);
insert into order_items (id, order_id, product_id, quantity) values (22, 141, 44, 3);
insert into order_items (id, order_id, product_id, quantity) values (23, 415, 18, 5);
insert into order_items (id, order_id, product_id, quantity) values (24, 372, 43, 1);
insert into order_items (id, order_id, product_id, quantity) values (25, 498, 22, 2);
insert into order_items (id, order_id, product_id, quantity) values (26, 313, 33, 2);
insert into order_items (id, order_id, product_id, quantity) values (27, 347, 19, 5);
insert into order_items (id, order_id, product_id, quantity) values (28, 133, 30, 5);
insert into order_items (id, order_id, product_id, quantity) values (29, 119, 3, 1);
insert into order_items (id, order_id, product_id, quantity) values (30, 283, 37, 5);
insert into order_items (id, order_id, product_id, quantity) values (31, 75, 30, 5);
insert into order_items (id, order_id, product_id, quantity) values (32, 344, 30, 1);
insert into order_items (id, order_id, product_id, quantity) values (33, 235, 25, 4);
insert into order_items (id, order_id, product_id, quantity) values (34, 325, 21, 1);
insert into order_items (id, order_id, product_id, quantity) values (35, 215, 41, 5);
insert into order_items (id, order_id, product_id, quantity) values (36, 304, 36, 4);
insert into order_items (id, order_id, product_id, quantity) values (37, 395, 46, 2);
insert into order_items (id, order_id, product_id, quantity) values (38, 246, 25, 5);
insert into order_items (id, order_id, product_id, quantity) values (39, 498, 6, 4);
insert into order_items (id, order_id, product_id, quantity) values (40, 340, 6, 5);
insert into order_items (id, order_id, product_id, quantity) values (41, 490, 32, 5);
insert into order_items (id, order_id, product_id, quantity) values (42, 470, 36, 2);
insert into order_items (id, order_id, product_id, quantity) values (43, 498, 46, 5);
insert into order_items (id, order_id, product_id, quantity) values (44, 24, 40, 4);
insert into order_items (id, order_id, product_id, quantity) values (45, 393, 42, 3);
insert into order_items (id, order_id, product_id, quantity) values (46, 143, 42, 4);
insert into order_items (id, order_id, product_id, quantity) values (47, 164, 26, 5);
insert into order_items (id, order_id, product_id, quantity) values (48, 119, 18, 5);
insert into order_items (id, order_id, product_id, quantity) values (49, 108, 3, 5);
insert into order_items (id, order_id, product_id, quantity) values (50, 338, 9, 2);
insert into order_items (id, order_id, product_id, quantity) values (51, 158, 7, 2);
insert into order_items (id, order_id, product_id, quantity) values (52, 389, 23, 2);
insert into order_items (id, order_id, product_id, quantity) values (53, 455, 23, 1);
insert into order_items (id, order_id, product_id, quantity) values (54, 186, 29, 1);
insert into order_items (id, order_id, product_id, quantity) values (55, 312, 33, 4);
insert into order_items (id, order_id, product_id, quantity) values (56, 222, 38, 4);
insert into order_items (id, order_id, product_id, quantity) values (57, 388, 15, 1);
insert into order_items (id, order_id, product_id, quantity) values (58, 476, 17, 5);
insert into order_items (id, order_id, product_id, quantity) values (59, 44, 49, 5);
insert into order_items (id, order_id, product_id, quantity) values (60, 370, 15, 2);
insert into order_items (id, order_id, product_id, quantity) values (61, 407, 8, 1);
insert into order_items (id, order_id, product_id, quantity) values (62, 198, 18, 5);
insert into order_items (id, order_id, product_id, quantity) values (63, 72, 17, 5);
insert into order_items (id, order_id, product_id, quantity) values (64, 488, 11, 5);
insert into order_items (id, order_id, product_id, quantity) values (65, 416, 50, 4);
insert into order_items (id, order_id, product_id, quantity) values (66, 249, 23, 4);
insert into order_items (id, order_id, product_id, quantity) values (67, 341, 16, 3);
insert into order_items (id, order_id, product_id, quantity) values (68, 252, 50, 3);
insert into order_items (id, order_id, product_id, quantity) values (69, 168, 50, 3);
insert into order_items (id, order_id, product_id, quantity) values (70, 390, 47, 3);
insert into order_items (id, order_id, product_id, quantity) values (71, 394, 13, 3);
insert into order_items (id, order_id, product_id, quantity) values (72, 398, 20, 3);
insert into order_items (id, order_id, product_id, quantity) values (73, 304, 47, 1);
insert into order_items (id, order_id, product_id, quantity) values (74, 448, 34, 3);
insert into order_items (id, order_id, product_id, quantity) values (75, 398, 3, 3);
insert into order_items (id, order_id, product_id, quantity) values (76, 71, 49, 4);
insert into order_items (id, order_id, product_id, quantity) values (77, 487, 34, 1);
insert into order_items (id, order_id, product_id, quantity) values (78, 484, 41, 1);
insert into order_items (id, order_id, product_id, quantity) values (79, 128, 14, 3);
insert into order_items (id, order_id, product_id, quantity) values (80, 145, 14, 3);
insert into order_items (id, order_id, product_id, quantity) values (81, 111, 44, 5);
insert into order_items (id, order_id, product_id, quantity) values (82, 218, 5, 3);
insert into order_items (id, order_id, product_id, quantity) values (83, 304, 37, 3);
insert into order_items (id, order_id, product_id, quantity) values (84, 191, 31, 5);
insert into order_items (id, order_id, product_id, quantity) values (85, 306, 36, 5);
insert into order_items (id, order_id, product_id, quantity) values (86, 497, 2, 2);
insert into order_items (id, order_id, product_id, quantity) values (87, 491, 8, 2);
insert into order_items (id, order_id, product_id, quantity) values (88, 11, 8, 5);
insert into order_items (id, order_id, product_id, quantity) values (89, 27, 3, 3);
insert into order_items (id, order_id, product_id, quantity) values (90, 376, 37, 5);
insert into order_items (id, order_id, product_id, quantity) values (91, 461, 2, 1);
insert into order_items (id, order_id, product_id, quantity) values (92, 25, 20, 4);
insert into order_items (id, order_id, product_id, quantity) values (93, 332, 45, 4);
insert into order_items (id, order_id, product_id, quantity) values (94, 245, 6, 3);
insert into order_items (id, order_id, product_id, quantity) values (95, 171, 16, 2);
insert into order_items (id, order_id, product_id, quantity) values (96, 416, 20, 4);
insert into order_items (id, order_id, product_id, quantity) values (97, 452, 14, 4);
insert into order_items (id, order_id, product_id, quantity) values (98, 38, 44, 1);
insert into order_items (id, order_id, product_id, quantity) values (99, 459, 20, 2);
insert into order_items (id, order_id, product_id, quantity) values (100, 62, 19, 3);
insert into order_items (id, order_id, product_id, quantity) values (101, 281, 28, 4);
insert into order_items (id, order_id, product_id, quantity) values (102, 307, 19, 1);
insert into order_items (id, order_id, product_id, quantity) values (103, 284, 9, 5);
insert into order_items (id, order_id, product_id, quantity) values (104, 345, 4, 1);
insert into order_items (id, order_id, product_id, quantity) values (105, 466, 41, 3);
insert into order_items (id, order_id, product_id, quantity) values (106, 8, 34, 3);
insert into order_items (id, order_id, product_id, quantity) values (107, 304, 46, 1);
insert into order_items (id, order_id, product_id, quantity) values (108, 76, 44, 1);
insert into order_items (id, order_id, product_id, quantity) values (109, 21, 27, 1);
insert into order_items (id, order_id, product_id, quantity) values (110, 58, 26, 5);
insert into order_items (id, order_id, product_id, quantity) values (111, 113, 34, 5);
insert into order_items (id, order_id, product_id, quantity) values (112, 191, 13, 5);
insert into order_items (id, order_id, product_id, quantity) values (113, 477, 44, 2);
insert into order_items (id, order_id, product_id, quantity) values (114, 220, 32, 3);
insert into order_items (id, order_id, product_id, quantity) values (115, 287, 5, 1);
insert into order_items (id, order_id, product_id, quantity) values (116, 187, 24, 2);
insert into order_items (id, order_id, product_id, quantity) values (117, 193, 43, 2);
insert into order_items (id, order_id, product_id, quantity) values (118, 408, 2, 4);
insert into order_items (id, order_id, product_id, quantity) values (119, 32, 14, 1);
insert into order_items (id, order_id, product_id, quantity) values (120, 249, 15, 5);
insert into order_items (id, order_id, product_id, quantity) values (121, 184, 12, 1);
insert into order_items (id, order_id, product_id, quantity) values (122, 246, 40, 1);
insert into order_items (id, order_id, product_id, quantity) values (123, 347, 8, 4);
insert into order_items (id, order_id, product_id, quantity) values (124, 237, 41, 3);
insert into order_items (id, order_id, product_id, quantity) values (125, 292, 8, 5);
insert into order_items (id, order_id, product_id, quantity) values (126, 357, 17, 3);
insert into order_items (id, order_id, product_id, quantity) values (127, 415, 6, 4);
insert into order_items (id, order_id, product_id, quantity) values (128, 183, 4, 5);
insert into order_items (id, order_id, product_id, quantity) values (129, 446, 18, 1);
insert into order_items (id, order_id, product_id, quantity) values (130, 353, 9, 2);
insert into order_items (id, order_id, product_id, quantity) values (131, 40, 24, 3);
insert into order_items (id, order_id, product_id, quantity) values (132, 354, 43, 3);
insert into order_items (id, order_id, product_id, quantity) values (133, 313, 10, 5);
insert into order_items (id, order_id, product_id, quantity) values (134, 456, 37, 2);
insert into order_items (id, order_id, product_id, quantity) values (135, 212, 20, 5);
insert into order_items (id, order_id, product_id, quantity) values (136, 52, 30, 4);
insert into order_items (id, order_id, product_id, quantity) values (137, 390, 19, 5);
insert into order_items (id, order_id, product_id, quantity) values (138, 176, 12, 5);
insert into order_items (id, order_id, product_id, quantity) values (139, 48, 42, 2);
insert into order_items (id, order_id, product_id, quantity) values (140, 187, 36, 4);
insert into order_items (id, order_id, product_id, quantity) values (141, 319, 37, 1);
insert into order_items (id, order_id, product_id, quantity) values (142, 326, 35, 5);
insert into order_items (id, order_id, product_id, quantity) values (143, 84, 27, 1);
insert into order_items (id, order_id, product_id, quantity) values (144, 269, 16, 4);
insert into order_items (id, order_id, product_id, quantity) values (145, 395, 30, 2);
insert into order_items (id, order_id, product_id, quantity) values (146, 88, 30, 1);
insert into order_items (id, order_id, product_id, quantity) values (147, 96, 4, 3);
insert into order_items (id, order_id, product_id, quantity) values (148, 346, 26, 5);
insert into order_items (id, order_id, product_id, quantity) values (149, 35, 24, 3);
insert into order_items (id, order_id, product_id, quantity) values (150, 332, 4, 1);
insert into order_items (id, order_id, product_id, quantity) values (151, 81, 15, 4);
insert into order_items (id, order_id, product_id, quantity) values (152, 467, 22, 1);
insert into order_items (id, order_id, product_id, quantity) values (153, 49, 15, 1);
insert into order_items (id, order_id, product_id, quantity) values (154, 256, 6, 1);
insert into order_items (id, order_id, product_id, quantity) values (155, 341, 21, 1);
insert into order_items (id, order_id, product_id, quantity) values (156, 122, 8, 2);
insert into order_items (id, order_id, product_id, quantity) values (157, 427, 48, 5);
insert into order_items (id, order_id, product_id, quantity) values (158, 493, 36, 3);
insert into order_items (id, order_id, product_id, quantity) values (159, 286, 11, 3);
insert into order_items (id, order_id, product_id, quantity) values (160, 28, 48, 3);
insert into order_items (id, order_id, product_id, quantity) values (161, 236, 32, 3);
insert into order_items (id, order_id, product_id, quantity) values (162, 251, 2, 4);
insert into order_items (id, order_id, product_id, quantity) values (163, 112, 27, 5);
insert into order_items (id, order_id, product_id, quantity) values (164, 185, 5, 4);
insert into order_items (id, order_id, product_id, quantity) values (165, 279, 50, 5);
insert into order_items (id, order_id, product_id, quantity) values (166, 427, 7, 4);
insert into order_items (id, order_id, product_id, quantity) values (167, 204, 49, 1);
insert into order_items (id, order_id, product_id, quantity) values (168, 208, 18, 3);
insert into order_items (id, order_id, product_id, quantity) values (169, 153, 30, 4);
insert into order_items (id, order_id, product_id, quantity) values (170, 168, 39, 2);
insert into order_items (id, order_id, product_id, quantity) values (171, 103, 41, 1);
insert into order_items (id, order_id, product_id, quantity) values (172, 308, 1, 2);
insert into order_items (id, order_id, product_id, quantity) values (173, 165, 13, 2);
insert into order_items (id, order_id, product_id, quantity) values (174, 97, 34, 3);
insert into order_items (id, order_id, product_id, quantity) values (175, 423, 44, 2);
insert into order_items (id, order_id, product_id, quantity) values (176, 455, 23, 3);
insert into order_items (id, order_id, product_id, quantity) values (177, 436, 21, 5);
insert into order_items (id, order_id, product_id, quantity) values (178, 162, 44, 2);
insert into order_items (id, order_id, product_id, quantity) values (179, 93, 1, 3);
insert into order_items (id, order_id, product_id, quantity) values (180, 486, 42, 5);
insert into order_items (id, order_id, product_id, quantity) values (181, 324, 6, 2);
insert into order_items (id, order_id, product_id, quantity) values (182, 137, 39, 2);
insert into order_items (id, order_id, product_id, quantity) values (183, 228, 10, 3);
insert into order_items (id, order_id, product_id, quantity) values (184, 206, 43, 5);
insert into order_items (id, order_id, product_id, quantity) values (185, 317, 32, 4);
insert into order_items (id, order_id, product_id, quantity) values (186, 432, 37, 1);
insert into order_items (id, order_id, product_id, quantity) values (187, 496, 15, 2);
insert into order_items (id, order_id, product_id, quantity) values (188, 194, 13, 1);
insert into order_items (id, order_id, product_id, quantity) values (189, 366, 21, 5);
insert into order_items (id, order_id, product_id, quantity) values (190, 49, 25, 1);
insert into order_items (id, order_id, product_id, quantity) values (191, 500, 19, 5);
insert into order_items (id, order_id, product_id, quantity) values (192, 498, 38, 5);
insert into order_items (id, order_id, product_id, quantity) values (193, 114, 6, 2);
insert into order_items (id, order_id, product_id, quantity) values (194, 38, 36, 4);
insert into order_items (id, order_id, product_id, quantity) values (195, 289, 24, 2);
insert into order_items (id, order_id, product_id, quantity) values (196, 53, 40, 5);
insert into order_items (id, order_id, product_id, quantity) values (197, 71, 14, 2);
insert into order_items (id, order_id, product_id, quantity) values (198, 15, 19, 3);
insert into order_items (id, order_id, product_id, quantity) values (199, 281, 38, 2);
insert into order_items (id, order_id, product_id, quantity) values (200, 113, 37, 1);
insert into order_items (id, order_id, product_id, quantity) values (201, 167, 33, 1);
insert into order_items (id, order_id, product_id, quantity) values (202, 59, 20, 4);
insert into order_items (id, order_id, product_id, quantity) values (203, 281, 16, 2);
insert into order_items (id, order_id, product_id, quantity) values (204, 410, 36, 2);
insert into order_items (id, order_id, product_id, quantity) values (205, 499, 35, 5);
insert into order_items (id, order_id, product_id, quantity) values (206, 104, 9, 3);
insert into order_items (id, order_id, product_id, quantity) values (207, 71, 21, 5);
insert into order_items (id, order_id, product_id, quantity) values (208, 229, 38, 1);
insert into order_items (id, order_id, product_id, quantity) values (209, 229, 20, 1);
insert into order_items (id, order_id, product_id, quantity) values (210, 363, 27, 2);
insert into order_items (id, order_id, product_id, quantity) values (211, 272, 5, 2);
insert into order_items (id, order_id, product_id, quantity) values (212, 396, 31, 1);
insert into order_items (id, order_id, product_id, quantity) values (213, 429, 23, 3);
insert into order_items (id, order_id, product_id, quantity) values (214, 117, 26, 1);
insert into order_items (id, order_id, product_id, quantity) values (215, 106, 46, 4);
insert into order_items (id, order_id, product_id, quantity) values (216, 322, 28, 5);
insert into order_items (id, order_id, product_id, quantity) values (217, 496, 2, 2);
insert into order_items (id, order_id, product_id, quantity) values (218, 33, 36, 2);
insert into order_items (id, order_id, product_id, quantity) values (219, 30, 36, 2);
insert into order_items (id, order_id, product_id, quantity) values (220, 268, 18, 4);
insert into order_items (id, order_id, product_id, quantity) values (221, 154, 16, 2);
insert into order_items (id, order_id, product_id, quantity) values (222, 349, 12, 4);
insert into order_items (id, order_id, product_id, quantity) values (223, 12, 3, 4);
insert into order_items (id, order_id, product_id, quantity) values (224, 331, 27, 5);
insert into order_items (id, order_id, product_id, quantity) values (225, 370, 28, 3);
insert into order_items (id, order_id, product_id, quantity) values (226, 283, 24, 2);
insert into order_items (id, order_id, product_id, quantity) values (227, 46, 31, 1);
insert into order_items (id, order_id, product_id, quantity) values (228, 107, 5, 5);
insert into order_items (id, order_id, product_id, quantity) values (229, 175, 7, 2);
insert into order_items (id, order_id, product_id, quantity) values (230, 384, 45, 4);
insert into order_items (id, order_id, product_id, quantity) values (231, 309, 19, 2);
insert into order_items (id, order_id, product_id, quantity) values (232, 77, 5, 2);
insert into order_items (id, order_id, product_id, quantity) values (233, 382, 24, 3);
insert into order_items (id, order_id, product_id, quantity) values (234, 41, 22, 4);
insert into order_items (id, order_id, product_id, quantity) values (235, 184, 41, 3);
insert into order_items (id, order_id, product_id, quantity) values (236, 113, 45, 1);
insert into order_items (id, order_id, product_id, quantity) values (237, 55, 9, 3);
insert into order_items (id, order_id, product_id, quantity) values (238, 449, 19, 4);
insert into order_items (id, order_id, product_id, quantity) values (239, 484, 36, 1);
insert into order_items (id, order_id, product_id, quantity) values (240, 480, 22, 5);
insert into order_items (id, order_id, product_id, quantity) values (241, 414, 29, 4);
insert into order_items (id, order_id, product_id, quantity) values (242, 421, 15, 5);
insert into order_items (id, order_id, product_id, quantity) values (243, 325, 37, 2);
insert into order_items (id, order_id, product_id, quantity) values (244, 445, 42, 3);
insert into order_items (id, order_id, product_id, quantity) values (245, 253, 32, 1);
insert into order_items (id, order_id, product_id, quantity) values (246, 66, 16, 1);
insert into order_items (id, order_id, product_id, quantity) values (247, 334, 1, 4);
insert into order_items (id, order_id, product_id, quantity) values (248, 10, 1, 2);
insert into order_items (id, order_id, product_id, quantity) values (249, 6, 12, 3);
insert into order_items (id, order_id, product_id, quantity) values (250, 388, 10, 3);
insert into order_items (id, order_id, product_id, quantity) values (251, 215, 35, 4);
insert into order_items (id, order_id, product_id, quantity) values (252, 143, 50, 3);
insert into order_items (id, order_id, product_id, quantity) values (253, 32, 17, 5);
insert into order_items (id, order_id, product_id, quantity) values (254, 69, 42, 1);
insert into order_items (id, order_id, product_id, quantity) values (255, 426, 49, 4);
insert into order_items (id, order_id, product_id, quantity) values (256, 337, 22, 3);
insert into order_items (id, order_id, product_id, quantity) values (257, 328, 11, 5);
insert into order_items (id, order_id, product_id, quantity) values (258, 204, 5, 5);
insert into order_items (id, order_id, product_id, quantity) values (259, 186, 48, 3);
insert into order_items (id, order_id, product_id, quantity) values (260, 356, 9, 5);
insert into order_items (id, order_id, product_id, quantity) values (261, 472, 11, 2);
insert into order_items (id, order_id, product_id, quantity) values (262, 407, 20, 3);
insert into order_items (id, order_id, product_id, quantity) values (263, 300, 23, 1);
insert into order_items (id, order_id, product_id, quantity) values (264, 379, 17, 1);
insert into order_items (id, order_id, product_id, quantity) values (265, 374, 30, 1);
insert into order_items (id, order_id, product_id, quantity) values (266, 182, 25, 5);
insert into order_items (id, order_id, product_id, quantity) values (267, 356, 6, 5);
insert into order_items (id, order_id, product_id, quantity) values (268, 122, 37, 1);
insert into order_items (id, order_id, product_id, quantity) values (269, 110, 14, 3);
insert into order_items (id, order_id, product_id, quantity) values (270, 466, 30, 1);
insert into order_items (id, order_id, product_id, quantity) values (271, 350, 42, 1);
insert into order_items (id, order_id, product_id, quantity) values (272, 41, 22, 1);
insert into order_items (id, order_id, product_id, quantity) values (273, 259, 32, 5);
insert into order_items (id, order_id, product_id, quantity) values (274, 293, 7, 4);
insert into order_items (id, order_id, product_id, quantity) values (275, 407, 13, 3);
insert into order_items (id, order_id, product_id, quantity) values (276, 68, 3, 5);
insert into order_items (id, order_id, product_id, quantity) values (277, 21, 10, 5);
insert into order_items (id, order_id, product_id, quantity) values (278, 136, 24, 1);
insert into order_items (id, order_id, product_id, quantity) values (279, 439, 28, 1);
insert into order_items (id, order_id, product_id, quantity) values (280, 187, 34, 1);
insert into order_items (id, order_id, product_id, quantity) values (281, 423, 10, 2);
insert into order_items (id, order_id, product_id, quantity) values (282, 432, 41, 4);
insert into order_items (id, order_id, product_id, quantity) values (283, 108, 6, 2);
insert into order_items (id, order_id, product_id, quantity) values (284, 319, 19, 4);
insert into order_items (id, order_id, product_id, quantity) values (285, 373, 38, 1);
insert into order_items (id, order_id, product_id, quantity) values (286, 350, 41, 4);
insert into order_items (id, order_id, product_id, quantity) values (287, 322, 44, 5);
insert into order_items (id, order_id, product_id, quantity) values (288, 394, 46, 1);
insert into order_items (id, order_id, product_id, quantity) values (289, 1, 21, 3);
insert into order_items (id, order_id, product_id, quantity) values (290, 433, 11, 3);
insert into order_items (id, order_id, product_id, quantity) values (291, 331, 35, 2);
insert into order_items (id, order_id, product_id, quantity) values (292, 354, 8, 3);
insert into order_items (id, order_id, product_id, quantity) values (293, 260, 7, 1);
insert into order_items (id, order_id, product_id, quantity) values (294, 132, 49, 5);
insert into order_items (id, order_id, product_id, quantity) values (295, 313, 21, 4);
insert into order_items (id, order_id, product_id, quantity) values (296, 499, 16, 4);
insert into order_items (id, order_id, product_id, quantity) values (297, 125, 45, 1);
insert into order_items (id, order_id, product_id, quantity) values (298, 425, 28, 1);
insert into order_items (id, order_id, product_id, quantity) values (299, 20, 25, 2);
insert into order_items (id, order_id, product_id, quantity) values (300, 43, 34, 3);
insert into order_items (id, order_id, product_id, quantity) values (301, 223, 24, 3);
insert into order_items (id, order_id, product_id, quantity) values (302, 451, 46, 3);
insert into order_items (id, order_id, product_id, quantity) values (303, 317, 8, 1);
insert into order_items (id, order_id, product_id, quantity) values (304, 219, 29, 3);
insert into order_items (id, order_id, product_id, quantity) values (305, 326, 2, 3);
insert into order_items (id, order_id, product_id, quantity) values (306, 417, 21, 2);
insert into order_items (id, order_id, product_id, quantity) values (307, 297, 31, 5);
insert into order_items (id, order_id, product_id, quantity) values (308, 125, 7, 1);
insert into order_items (id, order_id, product_id, quantity) values (309, 392, 19, 5);
insert into order_items (id, order_id, product_id, quantity) values (310, 220, 48, 2);
insert into order_items (id, order_id, product_id, quantity) values (311, 196, 37, 5);
insert into order_items (id, order_id, product_id, quantity) values (312, 17, 33, 5);
insert into order_items (id, order_id, product_id, quantity) values (313, 433, 19, 3);
insert into order_items (id, order_id, product_id, quantity) values (314, 149, 33, 4);
insert into order_items (id, order_id, product_id, quantity) values (315, 162, 5, 4);
insert into order_items (id, order_id, product_id, quantity) values (316, 399, 26, 3);
insert into order_items (id, order_id, product_id, quantity) values (317, 176, 14, 4);
insert into order_items (id, order_id, product_id, quantity) values (318, 151, 9, 3);
insert into order_items (id, order_id, product_id, quantity) values (319, 318, 5, 3);
insert into order_items (id, order_id, product_id, quantity) values (320, 489, 23, 2);
insert into order_items (id, order_id, product_id, quantity) values (321, 261, 13, 2);
insert into order_items (id, order_id, product_id, quantity) values (322, 206, 22, 5);
insert into order_items (id, order_id, product_id, quantity) values (323, 94, 44, 1);
insert into order_items (id, order_id, product_id, quantity) values (324, 251, 25, 2);
insert into order_items (id, order_id, product_id, quantity) values (325, 368, 49, 2);
insert into order_items (id, order_id, product_id, quantity) values (326, 185, 36, 4);
insert into order_items (id, order_id, product_id, quantity) values (327, 173, 21, 2);
insert into order_items (id, order_id, product_id, quantity) values (328, 290, 36, 5);
insert into order_items (id, order_id, product_id, quantity) values (329, 330, 17, 1);
insert into order_items (id, order_id, product_id, quantity) values (330, 484, 45, 4);
insert into order_items (id, order_id, product_id, quantity) values (331, 77, 18, 1);
insert into order_items (id, order_id, product_id, quantity) values (332, 123, 19, 2);
insert into order_items (id, order_id, product_id, quantity) values (333, 15, 8, 2);
insert into order_items (id, order_id, product_id, quantity) values (334, 475, 15, 3);
insert into order_items (id, order_id, product_id, quantity) values (335, 496, 24, 4);
insert into order_items (id, order_id, product_id, quantity) values (336, 229, 5, 1);
insert into order_items (id, order_id, product_id, quantity) values (337, 458, 11, 1);
insert into order_items (id, order_id, product_id, quantity) values (338, 383, 2, 5);
insert into order_items (id, order_id, product_id, quantity) values (339, 422, 45, 1);
insert into order_items (id, order_id, product_id, quantity) values (340, 261, 16, 1);
insert into order_items (id, order_id, product_id, quantity) values (341, 257, 13, 3);
insert into order_items (id, order_id, product_id, quantity) values (342, 266, 30, 5);
insert into order_items (id, order_id, product_id, quantity) values (343, 295, 47, 4);
insert into order_items (id, order_id, product_id, quantity) values (344, 328, 42, 3);
insert into order_items (id, order_id, product_id, quantity) values (345, 232, 44, 4);
insert into order_items (id, order_id, product_id, quantity) values (346, 352, 11, 3);
insert into order_items (id, order_id, product_id, quantity) values (347, 74, 32, 1);
insert into order_items (id, order_id, product_id, quantity) values (348, 113, 16, 3);
insert into order_items (id, order_id, product_id, quantity) values (349, 485, 15, 3);
insert into order_items (id, order_id, product_id, quantity) values (350, 145, 22, 5);
insert into order_items (id, order_id, product_id, quantity) values (351, 297, 14, 4);
insert into order_items (id, order_id, product_id, quantity) values (352, 9, 32, 1);
insert into order_items (id, order_id, product_id, quantity) values (353, 212, 19, 5);
insert into order_items (id, order_id, product_id, quantity) values (354, 278, 29, 1);
insert into order_items (id, order_id, product_id, quantity) values (355, 473, 10, 1);
insert into order_items (id, order_id, product_id, quantity) values (356, 423, 18, 3);
insert into order_items (id, order_id, product_id, quantity) values (357, 31, 5, 4);
insert into order_items (id, order_id, product_id, quantity) values (358, 325, 19, 2);
insert into order_items (id, order_id, product_id, quantity) values (359, 441, 46, 3);
insert into order_items (id, order_id, product_id, quantity) values (360, 336, 34, 5);
insert into order_items (id, order_id, product_id, quantity) values (361, 175, 10, 3);
insert into order_items (id, order_id, product_id, quantity) values (362, 373, 8, 3);
insert into order_items (id, order_id, product_id, quantity) values (363, 114, 46, 1);
insert into order_items (id, order_id, product_id, quantity) values (364, 135, 47, 3);
insert into order_items (id, order_id, product_id, quantity) values (365, 348, 50, 4);
insert into order_items (id, order_id, product_id, quantity) values (366, 406, 2, 3);
insert into order_items (id, order_id, product_id, quantity) values (367, 97, 12, 5);
insert into order_items (id, order_id, product_id, quantity) values (368, 44, 29, 1);
insert into order_items (id, order_id, product_id, quantity) values (369, 333, 34, 1);
insert into order_items (id, order_id, product_id, quantity) values (370, 321, 47, 1);
insert into order_items (id, order_id, product_id, quantity) values (371, 96, 1, 1);
insert into order_items (id, order_id, product_id, quantity) values (372, 285, 46, 5);
insert into order_items (id, order_id, product_id, quantity) values (373, 272, 2, 4);
insert into order_items (id, order_id, product_id, quantity) values (374, 216, 45, 3);
insert into order_items (id, order_id, product_id, quantity) values (375, 464, 30, 4);
insert into order_items (id, order_id, product_id, quantity) values (376, 429, 20, 4);
insert into order_items (id, order_id, product_id, quantity) values (377, 59, 28, 2);
insert into order_items (id, order_id, product_id, quantity) values (378, 325, 38, 3);
insert into order_items (id, order_id, product_id, quantity) values (379, 494, 12, 3);
insert into order_items (id, order_id, product_id, quantity) values (380, 118, 32, 4);
insert into order_items (id, order_id, product_id, quantity) values (381, 6, 13, 3);
insert into order_items (id, order_id, product_id, quantity) values (382, 216, 27, 3);
insert into order_items (id, order_id, product_id, quantity) values (383, 280, 6, 3);
insert into order_items (id, order_id, product_id, quantity) values (384, 479, 2, 1);
insert into order_items (id, order_id, product_id, quantity) values (385, 221, 24, 3);
insert into order_items (id, order_id, product_id, quantity) values (386, 191, 45, 1);
insert into order_items (id, order_id, product_id, quantity) values (387, 255, 27, 4);
insert into order_items (id, order_id, product_id, quantity) values (388, 243, 42, 5);
insert into order_items (id, order_id, product_id, quantity) values (389, 106, 36, 3);
insert into order_items (id, order_id, product_id, quantity) values (390, 343, 30, 4);
insert into order_items (id, order_id, product_id, quantity) values (391, 373, 16, 1);
insert into order_items (id, order_id, product_id, quantity) values (392, 52, 48, 4);
insert into order_items (id, order_id, product_id, quantity) values (393, 214, 1, 5);
insert into order_items (id, order_id, product_id, quantity) values (394, 164, 24, 1);
insert into order_items (id, order_id, product_id, quantity) values (395, 125, 17, 3);
insert into order_items (id, order_id, product_id, quantity) values (396, 212, 17, 5);
insert into order_items (id, order_id, product_id, quantity) values (397, 325, 37, 2);
insert into order_items (id, order_id, product_id, quantity) values (398, 189, 38, 1);
insert into order_items (id, order_id, product_id, quantity) values (399, 263, 44, 4);
insert into order_items (id, order_id, product_id, quantity) values (400, 433, 13, 1);
insert into order_items (id, order_id, product_id, quantity) values (401, 256, 3, 1);
insert into order_items (id, order_id, product_id, quantity) values (402, 69, 35, 1);
insert into order_items (id, order_id, product_id, quantity) values (403, 93, 35, 5);
insert into order_items (id, order_id, product_id, quantity) values (404, 324, 19, 2);
insert into order_items (id, order_id, product_id, quantity) values (405, 336, 23, 2);
insert into order_items (id, order_id, product_id, quantity) values (406, 23, 19, 2);
insert into order_items (id, order_id, product_id, quantity) values (407, 50, 49, 5);
insert into order_items (id, order_id, product_id, quantity) values (408, 355, 45, 3);
insert into order_items (id, order_id, product_id, quantity) values (409, 367, 17, 4);
insert into order_items (id, order_id, product_id, quantity) values (410, 173, 21, 3);
insert into order_items (id, order_id, product_id, quantity) values (411, 120, 13, 4);
insert into order_items (id, order_id, product_id, quantity) values (412, 279, 36, 1);
insert into order_items (id, order_id, product_id, quantity) values (413, 405, 28, 2);
insert into order_items (id, order_id, product_id, quantity) values (414, 79, 46, 2);
insert into order_items (id, order_id, product_id, quantity) values (415, 1, 32, 3);
insert into order_items (id, order_id, product_id, quantity) values (416, 422, 39, 2);
insert into order_items (id, order_id, product_id, quantity) values (417, 201, 26, 3);
insert into order_items (id, order_id, product_id, quantity) values (418, 339, 3, 3);
insert into order_items (id, order_id, product_id, quantity) values (419, 420, 11, 1);
insert into order_items (id, order_id, product_id, quantity) values (420, 265, 31, 3);
insert into order_items (id, order_id, product_id, quantity) values (421, 153, 50, 5);
insert into order_items (id, order_id, product_id, quantity) values (422, 7, 44, 3);
insert into order_items (id, order_id, product_id, quantity) values (423, 65, 42, 4);
insert into order_items (id, order_id, product_id, quantity) values (424, 169, 38, 1);
insert into order_items (id, order_id, product_id, quantity) values (425, 99, 4, 2);
insert into order_items (id, order_id, product_id, quantity) values (426, 452, 17, 4);
insert into order_items (id, order_id, product_id, quantity) values (427, 493, 29, 4);
insert into order_items (id, order_id, product_id, quantity) values (428, 445, 26, 4);
insert into order_items (id, order_id, product_id, quantity) values (429, 53, 10, 2);
insert into order_items (id, order_id, product_id, quantity) values (430, 140, 26, 3);
insert into order_items (id, order_id, product_id, quantity) values (431, 457, 17, 4);
insert into order_items (id, order_id, product_id, quantity) values (432, 2, 9, 5);
insert into order_items (id, order_id, product_id, quantity) values (433, 367, 30, 5);
insert into order_items (id, order_id, product_id, quantity) values (434, 294, 31, 2);
insert into order_items (id, order_id, product_id, quantity) values (435, 97, 16, 2);
insert into order_items (id, order_id, product_id, quantity) values (436, 258, 50, 1);
insert into order_items (id, order_id, product_id, quantity) values (437, 358, 35, 1);
insert into order_items (id, order_id, product_id, quantity) values (438, 380, 44, 2);
insert into order_items (id, order_id, product_id, quantity) values (439, 313, 10, 3);
insert into order_items (id, order_id, product_id, quantity) values (440, 490, 44, 5);
insert into order_items (id, order_id, product_id, quantity) values (441, 149, 42, 2);
insert into order_items (id, order_id, product_id, quantity) values (442, 84, 40, 2);
insert into order_items (id, order_id, product_id, quantity) values (443, 94, 4, 2);
insert into order_items (id, order_id, product_id, quantity) values (444, 95, 37, 1);
insert into order_items (id, order_id, product_id, quantity) values (445, 350, 12, 3);
insert into order_items (id, order_id, product_id, quantity) values (446, 462, 40, 2);
insert into order_items (id, order_id, product_id, quantity) values (447, 234, 39, 2);
insert into order_items (id, order_id, product_id, quantity) values (448, 433, 8, 4);
insert into order_items (id, order_id, product_id, quantity) values (449, 308, 32, 3);
insert into order_items (id, order_id, product_id, quantity) values (450, 228, 22, 1);
insert into order_items (id, order_id, product_id, quantity) values (451, 282, 40, 5);
insert into order_items (id, order_id, product_id, quantity) values (452, 178, 14, 3);
insert into order_items (id, order_id, product_id, quantity) values (453, 368, 11, 1);
insert into order_items (id, order_id, product_id, quantity) values (454, 264, 47, 5);
insert into order_items (id, order_id, product_id, quantity) values (455, 369, 48, 5);
insert into order_items (id, order_id, product_id, quantity) values (456, 319, 47, 3);
insert into order_items (id, order_id, product_id, quantity) values (457, 245, 31, 1);
insert into order_items (id, order_id, product_id, quantity) values (458, 18, 29, 2);
insert into order_items (id, order_id, product_id, quantity) values (459, 378, 27, 5);
insert into order_items (id, order_id, product_id, quantity) values (460, 478, 47, 4);
insert into order_items (id, order_id, product_id, quantity) values (461, 329, 25, 3);
insert into order_items (id, order_id, product_id, quantity) values (462, 350, 18, 4);
insert into order_items (id, order_id, product_id, quantity) values (463, 484, 18, 3);
insert into order_items (id, order_id, product_id, quantity) values (464, 114, 3, 3);
insert into order_items (id, order_id, product_id, quantity) values (465, 476, 9, 4);
insert into order_items (id, order_id, product_id, quantity) values (466, 59, 1, 3);
insert into order_items (id, order_id, product_id, quantity) values (467, 144, 28, 3);
insert into order_items (id, order_id, product_id, quantity) values (468, 401, 5, 3);
insert into order_items (id, order_id, product_id, quantity) values (469, 395, 29, 3);
insert into order_items (id, order_id, product_id, quantity) values (470, 239, 19, 1);
insert into order_items (id, order_id, product_id, quantity) values (471, 337, 12, 4);
insert into order_items (id, order_id, product_id, quantity) values (472, 116, 48, 2);
insert into order_items (id, order_id, product_id, quantity) values (473, 446, 42, 3);
insert into order_items (id, order_id, product_id, quantity) values (474, 415, 42, 2);
insert into order_items (id, order_id, product_id, quantity) values (475, 77, 20, 2);
insert into order_items (id, order_id, product_id, quantity) values (476, 217, 40, 5);
insert into order_items (id, order_id, product_id, quantity) values (477, 235, 15, 4);
insert into order_items (id, order_id, product_id, quantity) values (478, 64, 25, 5);
insert into order_items (id, order_id, product_id, quantity) values (479, 293, 1, 4);
insert into order_items (id, order_id, product_id, quantity) values (480, 316, 12, 5);
insert into order_items (id, order_id, product_id, quantity) values (481, 58, 5, 4);
insert into order_items (id, order_id, product_id, quantity) values (482, 84, 27, 3);
insert into order_items (id, order_id, product_id, quantity) values (483, 157, 46, 4);
insert into order_items (id, order_id, product_id, quantity) values (484, 166, 35, 3);
insert into order_items (id, order_id, product_id, quantity) values (485, 173, 42, 4);
insert into order_items (id, order_id, product_id, quantity) values (486, 117, 6, 3);
insert into order_items (id, order_id, product_id, quantity) values (487, 48, 26, 5);
insert into order_items (id, order_id, product_id, quantity) values (488, 381, 5, 5);
insert into order_items (id, order_id, product_id, quantity) values (489, 77, 21, 5);
insert into order_items (id, order_id, product_id, quantity) values (490, 165, 42, 2);
insert into order_items (id, order_id, product_id, quantity) values (491, 61, 20, 1);
insert into order_items (id, order_id, product_id, quantity) values (492, 351, 5, 3);
insert into order_items (id, order_id, product_id, quantity) values (493, 412, 21, 3);
insert into order_items (id, order_id, product_id, quantity) values (494, 451, 31, 5);
insert into order_items (id, order_id, product_id, quantity) values (495, 32, 24, 5);
insert into order_items (id, order_id, product_id, quantity) values (496, 71, 12, 5);
insert into order_items (id, order_id, product_id, quantity) values (497, 232, 32, 2);
insert into order_items (id, order_id, product_id, quantity) values (498, 285, 23, 4);
insert into order_items (id, order_id, product_id, quantity) values (499, 260, 13, 4);
insert into order_items (id, order_id, product_id, quantity) values (500, 145, 39, 3);
insert into order_items (id, order_id, product_id, quantity) values (501, 38, 39, 1);
insert into order_items (id, order_id, product_id, quantity) values (502, 24, 1, 4);
insert into order_items (id, order_id, product_id, quantity) values (503, 340, 35, 5);
insert into order_items (id, order_id, product_id, quantity) values (504, 207, 46, 2);
insert into order_items (id, order_id, product_id, quantity) values (505, 117, 45, 5);
insert into order_items (id, order_id, product_id, quantity) values (506, 2, 32, 2);
insert into order_items (id, order_id, product_id, quantity) values (507, 235, 28, 5);
insert into order_items (id, order_id, product_id, quantity) values (508, 178, 45, 1);
insert into order_items (id, order_id, product_id, quantity) values (509, 284, 19, 3);
insert into order_items (id, order_id, product_id, quantity) values (510, 358, 21, 1);
insert into order_items (id, order_id, product_id, quantity) values (511, 275, 22, 2);
insert into order_items (id, order_id, product_id, quantity) values (512, 317, 47, 1);
insert into order_items (id, order_id, product_id, quantity) values (513, 447, 45, 4);
insert into order_items (id, order_id, product_id, quantity) values (514, 289, 27, 3);
insert into order_items (id, order_id, product_id, quantity) values (515, 401, 26, 2);
insert into order_items (id, order_id, product_id, quantity) values (516, 312, 24, 4);
insert into order_items (id, order_id, product_id, quantity) values (517, 93, 37, 2);
insert into order_items (id, order_id, product_id, quantity) values (518, 390, 46, 5);
insert into order_items (id, order_id, product_id, quantity) values (519, 27, 32, 3);
insert into order_items (id, order_id, product_id, quantity) values (520, 41, 39, 5);
insert into order_items (id, order_id, product_id, quantity) values (521, 421, 24, 3);
insert into order_items (id, order_id, product_id, quantity) values (522, 388, 9, 2);
insert into order_items (id, order_id, product_id, quantity) values (523, 259, 11, 3);
insert into order_items (id, order_id, product_id, quantity) values (524, 307, 39, 1);
insert into order_items (id, order_id, product_id, quantity) values (525, 421, 6, 4);
insert into order_items (id, order_id, product_id, quantity) values (526, 307, 49, 1);
insert into order_items (id, order_id, product_id, quantity) values (527, 120, 44, 5);
insert into order_items (id, order_id, product_id, quantity) values (528, 69, 40, 1);
insert into order_items (id, order_id, product_id, quantity) values (529, 145, 29, 3);
insert into order_items (id, order_id, product_id, quantity) values (530, 377, 46, 1);
insert into order_items (id, order_id, product_id, quantity) values (531, 288, 10, 4);
insert into order_items (id, order_id, product_id, quantity) values (532, 189, 41, 1);
insert into order_items (id, order_id, product_id, quantity) values (533, 93, 8, 1);
insert into order_items (id, order_id, product_id, quantity) values (534, 131, 10, 1);
insert into order_items (id, order_id, product_id, quantity) values (535, 118, 40, 3);
insert into order_items (id, order_id, product_id, quantity) values (536, 370, 10, 2);
insert into order_items (id, order_id, product_id, quantity) values (537, 202, 15, 5);
insert into order_items (id, order_id, product_id, quantity) values (538, 419, 34, 5);
insert into order_items (id, order_id, product_id, quantity) values (539, 204, 16, 1);
insert into order_items (id, order_id, product_id, quantity) values (540, 25, 47, 2);
insert into order_items (id, order_id, product_id, quantity) values (541, 460, 25, 5);
insert into order_items (id, order_id, product_id, quantity) values (542, 251, 16, 5);
insert into order_items (id, order_id, product_id, quantity) values (543, 230, 16, 3);
insert into order_items (id, order_id, product_id, quantity) values (544, 333, 11, 3);
insert into order_items (id, order_id, product_id, quantity) values (545, 436, 47, 1);
insert into order_items (id, order_id, product_id, quantity) values (546, 81, 22, 1);
insert into order_items (id, order_id, product_id, quantity) values (547, 184, 34, 2);
insert into order_items (id, order_id, product_id, quantity) values (548, 197, 15, 5);
insert into order_items (id, order_id, product_id, quantity) values (549, 260, 24, 1);
insert into order_items (id, order_id, product_id, quantity) values (550, 471, 5, 4);
insert into order_items (id, order_id, product_id, quantity) values (551, 472, 15, 4);
insert into order_items (id, order_id, product_id, quantity) values (552, 386, 20, 5);
insert into order_items (id, order_id, product_id, quantity) values (553, 227, 7, 2);
insert into order_items (id, order_id, product_id, quantity) values (554, 321, 27, 4);
insert into order_items (id, order_id, product_id, quantity) values (555, 395, 27, 3);
insert into order_items (id, order_id, product_id, quantity) values (556, 137, 31, 4);
insert into order_items (id, order_id, product_id, quantity) values (557, 175, 14, 2);
insert into order_items (id, order_id, product_id, quantity) values (558, 435, 21, 3);
insert into order_items (id, order_id, product_id, quantity) values (559, 254, 43, 3);
insert into order_items (id, order_id, product_id, quantity) values (560, 266, 22, 3);
insert into order_items (id, order_id, product_id, quantity) values (561, 217, 39, 1);
insert into order_items (id, order_id, product_id, quantity) values (562, 243, 24, 2);
insert into order_items (id, order_id, product_id, quantity) values (563, 240, 2, 5);
insert into order_items (id, order_id, product_id, quantity) values (564, 370, 31, 3);
insert into order_items (id, order_id, product_id, quantity) values (565, 322, 45, 5);
insert into order_items (id, order_id, product_id, quantity) values (566, 74, 37, 2);
insert into order_items (id, order_id, product_id, quantity) values (567, 143, 36, 3);
insert into order_items (id, order_id, product_id, quantity) values (568, 239, 5, 1);
insert into order_items (id, order_id, product_id, quantity) values (569, 227, 21, 4);
insert into order_items (id, order_id, product_id, quantity) values (570, 21, 50, 5);
insert into order_items (id, order_id, product_id, quantity) values (571, 34, 9, 3);
insert into order_items (id, order_id, product_id, quantity) values (572, 289, 10, 2);
insert into order_items (id, order_id, product_id, quantity) values (573, 301, 8, 5);
insert into order_items (id, order_id, product_id, quantity) values (574, 107, 16, 5);
insert into order_items (id, order_id, product_id, quantity) values (575, 432, 28, 4);
insert into order_items (id, order_id, product_id, quantity) values (576, 225, 31, 3);
insert into order_items (id, order_id, product_id, quantity) values (577, 219, 4, 1);
insert into order_items (id, order_id, product_id, quantity) values (578, 210, 31, 1);
insert into order_items (id, order_id, product_id, quantity) values (579, 300, 23, 5);
insert into order_items (id, order_id, product_id, quantity) values (580, 50, 10, 4);
insert into order_items (id, order_id, product_id, quantity) values (581, 261, 20, 3);
insert into order_items (id, order_id, product_id, quantity) values (582, 450, 14, 3);
insert into order_items (id, order_id, product_id, quantity) values (583, 311, 36, 2);
insert into order_items (id, order_id, product_id, quantity) values (584, 83, 4, 1);
insert into order_items (id, order_id, product_id, quantity) values (585, 130, 9, 2);
insert into order_items (id, order_id, product_id, quantity) values (586, 410, 31, 2);
insert into order_items (id, order_id, product_id, quantity) values (587, 322, 25, 4);
insert into order_items (id, order_id, product_id, quantity) values (588, 53, 34, 5);
insert into order_items (id, order_id, product_id, quantity) values (589, 243, 44, 2);
insert into order_items (id, order_id, product_id, quantity) values (590, 445, 49, 5);
insert into order_items (id, order_id, product_id, quantity) values (591, 414, 40, 5);
insert into order_items (id, order_id, product_id, quantity) values (592, 230, 24, 2);
insert into order_items (id, order_id, product_id, quantity) values (593, 305, 47, 2);
insert into order_items (id, order_id, product_id, quantity) values (594, 388, 20, 5);
insert into order_items (id, order_id, product_id, quantity) values (595, 473, 15, 2);
insert into order_items (id, order_id, product_id, quantity) values (596, 71, 10, 1);
insert into order_items (id, order_id, product_id, quantity) values (597, 417, 13, 2);
insert into order_items (id, order_id, product_id, quantity) values (598, 486, 24, 4);
insert into order_items (id, order_id, product_id, quantity) values (599, 359, 43, 5);
insert into order_items (id, order_id, product_id, quantity) values (600, 186, 5, 2);
insert into order_items (id, order_id, product_id, quantity) values (601, 128, 30, 1);
insert into order_items (id, order_id, product_id, quantity) values (602, 279, 15, 5);
insert into order_items (id, order_id, product_id, quantity) values (603, 250, 38, 5);
insert into order_items (id, order_id, product_id, quantity) values (604, 47, 36, 1);
insert into order_items (id, order_id, product_id, quantity) values (605, 128, 19, 5);
insert into order_items (id, order_id, product_id, quantity) values (606, 352, 48, 3);
insert into order_items (id, order_id, product_id, quantity) values (607, 286, 50, 4);
insert into order_items (id, order_id, product_id, quantity) values (608, 267, 12, 5);
insert into order_items (id, order_id, product_id, quantity) values (609, 447, 48, 2);
insert into order_items (id, order_id, product_id, quantity) values (610, 421, 32, 5);
insert into order_items (id, order_id, product_id, quantity) values (611, 42, 46, 5);
insert into order_items (id, order_id, product_id, quantity) values (612, 56, 34, 1);
insert into order_items (id, order_id, product_id, quantity) values (613, 424, 29, 5);
insert into order_items (id, order_id, product_id, quantity) values (614, 16, 19, 3);
insert into order_items (id, order_id, product_id, quantity) values (615, 94, 27, 4);
insert into order_items (id, order_id, product_id, quantity) values (616, 153, 3, 3);
insert into order_items (id, order_id, product_id, quantity) values (617, 152, 19, 5);
insert into order_items (id, order_id, product_id, quantity) values (618, 149, 38, 2);
insert into order_items (id, order_id, product_id, quantity) values (619, 316, 47, 4);
insert into order_items (id, order_id, product_id, quantity) values (620, 163, 47, 5);
insert into order_items (id, order_id, product_id, quantity) values (621, 230, 6, 5);
insert into order_items (id, order_id, product_id, quantity) values (622, 496, 35, 1);
insert into order_items (id, order_id, product_id, quantity) values (623, 392, 19, 1);
insert into order_items (id, order_id, product_id, quantity) values (624, 406, 32, 2);
insert into order_items (id, order_id, product_id, quantity) values (625, 409, 15, 5);
insert into order_items (id, order_id, product_id, quantity) values (626, 205, 29, 2);
insert into order_items (id, order_id, product_id, quantity) values (627, 468, 35, 5);
insert into order_items (id, order_id, product_id, quantity) values (628, 377, 18, 1);
insert into order_items (id, order_id, product_id, quantity) values (629, 345, 44, 2);
insert into order_items (id, order_id, product_id, quantity) values (630, 264, 1, 3);
insert into order_items (id, order_id, product_id, quantity) values (631, 213, 19, 3);
insert into order_items (id, order_id, product_id, quantity) values (632, 500, 37, 1);
insert into order_items (id, order_id, product_id, quantity) values (633, 225, 25, 5);
insert into order_items (id, order_id, product_id, quantity) values (634, 58, 38, 4);
insert into order_items (id, order_id, product_id, quantity) values (635, 250, 14, 4);
insert into order_items (id, order_id, product_id, quantity) values (636, 355, 47, 3);
insert into order_items (id, order_id, product_id, quantity) values (637, 471, 20, 4);
insert into order_items (id, order_id, product_id, quantity) values (638, 94, 50, 1);
insert into order_items (id, order_id, product_id, quantity) values (639, 361, 49, 4);
insert into order_items (id, order_id, product_id, quantity) values (640, 271, 8, 1);
insert into order_items (id, order_id, product_id, quantity) values (641, 454, 1, 2);
insert into order_items (id, order_id, product_id, quantity) values (642, 256, 27, 2);
insert into order_items (id, order_id, product_id, quantity) values (643, 439, 30, 2);
insert into order_items (id, order_id, product_id, quantity) values (644, 64, 43, 2);
insert into order_items (id, order_id, product_id, quantity) values (645, 220, 22, 5);
insert into order_items (id, order_id, product_id, quantity) values (646, 25, 47, 5);
insert into order_items (id, order_id, product_id, quantity) values (647, 495, 44, 2);
insert into order_items (id, order_id, product_id, quantity) values (648, 159, 36, 5);
insert into order_items (id, order_id, product_id, quantity) values (649, 225, 6, 1);
insert into order_items (id, order_id, product_id, quantity) values (650, 26, 43, 3);
insert into order_items (id, order_id, product_id, quantity) values (651, 435, 47, 4);
insert into order_items (id, order_id, product_id, quantity) values (652, 241, 39, 4);
insert into order_items (id, order_id, product_id, quantity) values (653, 439, 24, 2);
insert into order_items (id, order_id, product_id, quantity) values (654, 334, 20, 4);
insert into order_items (id, order_id, product_id, quantity) values (655, 96, 26, 2);
insert into order_items (id, order_id, product_id, quantity) values (656, 53, 34, 5);
insert into order_items (id, order_id, product_id, quantity) values (657, 165, 41, 1);
insert into order_items (id, order_id, product_id, quantity) values (658, 242, 34, 2);
insert into order_items (id, order_id, product_id, quantity) values (659, 337, 49, 4);
insert into order_items (id, order_id, product_id, quantity) values (660, 333, 49, 4);
insert into order_items (id, order_id, product_id, quantity) values (661, 418, 27, 4);
insert into order_items (id, order_id, product_id, quantity) values (662, 324, 47, 4);
insert into order_items (id, order_id, product_id, quantity) values (663, 26, 40, 3);
insert into order_items (id, order_id, product_id, quantity) values (664, 416, 24, 4);
insert into order_items (id, order_id, product_id, quantity) values (665, 118, 41, 5);
insert into order_items (id, order_id, product_id, quantity) values (666, 304, 23, 5);
insert into order_items (id, order_id, product_id, quantity) values (667, 175, 42, 4);
insert into order_items (id, order_id, product_id, quantity) values (668, 406, 41, 5);
insert into order_items (id, order_id, product_id, quantity) values (669, 450, 36, 4);
insert into order_items (id, order_id, product_id, quantity) values (670, 64, 40, 1);
insert into order_items (id, order_id, product_id, quantity) values (671, 364, 44, 5);
insert into order_items (id, order_id, product_id, quantity) values (672, 495, 22, 5);
insert into order_items (id, order_id, product_id, quantity) values (673, 126, 34, 5);
insert into order_items (id, order_id, product_id, quantity) values (674, 8, 34, 5);
insert into order_items (id, order_id, product_id, quantity) values (675, 280, 32, 2);
insert into order_items (id, order_id, product_id, quantity) values (676, 477, 48, 1);
insert into order_items (id, order_id, product_id, quantity) values (677, 119, 42, 2);
insert into order_items (id, order_id, product_id, quantity) values (678, 284, 47, 5);
insert into order_items (id, order_id, product_id, quantity) values (679, 277, 28, 4);
insert into order_items (id, order_id, product_id, quantity) values (680, 266, 19, 3);
insert into order_items (id, order_id, product_id, quantity) values (681, 475, 31, 1);
insert into order_items (id, order_id, product_id, quantity) values (682, 43, 39, 4);
insert into order_items (id, order_id, product_id, quantity) values (683, 143, 5, 5);
insert into order_items (id, order_id, product_id, quantity) values (684, 354, 35, 2);
insert into order_items (id, order_id, product_id, quantity) values (685, 369, 44, 3);
insert into order_items (id, order_id, product_id, quantity) values (686, 334, 50, 2);
insert into order_items (id, order_id, product_id, quantity) values (687, 357, 44, 3);
insert into order_items (id, order_id, product_id, quantity) values (688, 96, 46, 2);
insert into order_items (id, order_id, product_id, quantity) values (689, 77, 33, 4);
insert into order_items (id, order_id, product_id, quantity) values (690, 435, 1, 2);
insert into order_items (id, order_id, product_id, quantity) values (691, 185, 10, 2);
insert into order_items (id, order_id, product_id, quantity) values (692, 380, 30, 5);
insert into order_items (id, order_id, product_id, quantity) values (693, 97, 35, 1);
insert into order_items (id, order_id, product_id, quantity) values (694, 93, 3, 5);
insert into order_items (id, order_id, product_id, quantity) values (695, 185, 46, 4);
insert into order_items (id, order_id, product_id, quantity) values (696, 185, 7, 5);
insert into order_items (id, order_id, product_id, quantity) values (697, 91, 35, 1);
insert into order_items (id, order_id, product_id, quantity) values (698, 140, 14, 3);
insert into order_items (id, order_id, product_id, quantity) values (699, 311, 37, 4);
insert into order_items (id, order_id, product_id, quantity) values (700, 421, 22, 4);
insert into order_items (id, order_id, product_id, quantity) values (701, 254, 9, 1);
insert into order_items (id, order_id, product_id, quantity) values (702, 197, 15, 1);
insert into order_items (id, order_id, product_id, quantity) values (703, 100, 3, 4);
insert into order_items (id, order_id, product_id, quantity) values (704, 338, 38, 3);
insert into order_items (id, order_id, product_id, quantity) values (705, 284, 35, 5);
insert into order_items (id, order_id, product_id, quantity) values (706, 395, 30, 5);
insert into order_items (id, order_id, product_id, quantity) values (707, 135, 39, 1);
insert into order_items (id, order_id, product_id, quantity) values (708, 375, 27, 1);
insert into order_items (id, order_id, product_id, quantity) values (709, 301, 44, 2);
insert into order_items (id, order_id, product_id, quantity) values (710, 347, 33, 1);
insert into order_items (id, order_id, product_id, quantity) values (711, 401, 39, 2);
insert into order_items (id, order_id, product_id, quantity) values (712, 366, 50, 1);
insert into order_items (id, order_id, product_id, quantity) values (713, 310, 11, 1);
insert into order_items (id, order_id, product_id, quantity) values (714, 95, 48, 1);
insert into order_items (id, order_id, product_id, quantity) values (715, 352, 33, 2);
insert into order_items (id, order_id, product_id, quantity) values (716, 142, 6, 5);
insert into order_items (id, order_id, product_id, quantity) values (717, 45, 18, 4);
insert into order_items (id, order_id, product_id, quantity) values (718, 39, 41, 5);
insert into order_items (id, order_id, product_id, quantity) values (719, 101, 12, 5);
insert into order_items (id, order_id, product_id, quantity) values (720, 279, 35, 1);
insert into order_items (id, order_id, product_id, quantity) values (721, 401, 12, 5);
insert into order_items (id, order_id, product_id, quantity) values (722, 165, 35, 2);
insert into order_items (id, order_id, product_id, quantity) values (723, 471, 41, 1);
insert into order_items (id, order_id, product_id, quantity) values (724, 79, 28, 5);
insert into order_items (id, order_id, product_id, quantity) values (725, 283, 50, 3);
insert into order_items (id, order_id, product_id, quantity) values (726, 178, 30, 3);
insert into order_items (id, order_id, product_id, quantity) values (727, 15, 4, 2);
insert into order_items (id, order_id, product_id, quantity) values (728, 341, 40, 1);
insert into order_items (id, order_id, product_id, quantity) values (729, 172, 3, 3);
insert into order_items (id, order_id, product_id, quantity) values (730, 253, 5, 4);
insert into order_items (id, order_id, product_id, quantity) values (731, 457, 27, 4);
insert into order_items (id, order_id, product_id, quantity) values (732, 93, 21, 4);
insert into order_items (id, order_id, product_id, quantity) values (733, 483, 31, 4);
insert into order_items (id, order_id, product_id, quantity) values (734, 448, 32, 5);
insert into order_items (id, order_id, product_id, quantity) values (735, 75, 12, 2);
insert into order_items (id, order_id, product_id, quantity) values (736, 296, 9, 1);
insert into order_items (id, order_id, product_id, quantity) values (737, 459, 40, 5);
insert into order_items (id, order_id, product_id, quantity) values (738, 397, 46, 1);
insert into order_items (id, order_id, product_id, quantity) values (739, 394, 16, 1);
insert into order_items (id, order_id, product_id, quantity) values (740, 18, 35, 3);
insert into order_items (id, order_id, product_id, quantity) values (741, 338, 10, 5);
insert into order_items (id, order_id, product_id, quantity) values (742, 121, 20, 2);
insert into order_items (id, order_id, product_id, quantity) values (743, 43, 7, 4);
insert into order_items (id, order_id, product_id, quantity) values (744, 360, 49, 4);
insert into order_items (id, order_id, product_id, quantity) values (745, 316, 29, 4);
insert into order_items (id, order_id, product_id, quantity) values (746, 212, 3, 4);
insert into order_items (id, order_id, product_id, quantity) values (747, 354, 1, 5);
insert into order_items (id, order_id, product_id, quantity) values (748, 151, 1, 3);
insert into order_items (id, order_id, product_id, quantity) values (749, 331, 4, 2);
insert into order_items (id, order_id, product_id, quantity) values (750, 237, 2, 2);
insert into order_items (id, order_id, product_id, quantity) values (751, 84, 25, 5);
insert into order_items (id, order_id, product_id, quantity) values (752, 10, 28, 4);
insert into order_items (id, order_id, product_id, quantity) values (753, 204, 47, 1);
insert into order_items (id, order_id, product_id, quantity) values (754, 39, 15, 4);
insert into order_items (id, order_id, product_id, quantity) values (755, 31, 13, 4);
insert into order_items (id, order_id, product_id, quantity) values (756, 500, 38, 1);
insert into order_items (id, order_id, product_id, quantity) values (757, 190, 6, 4);
insert into order_items (id, order_id, product_id, quantity) values (758, 463, 22, 3);
insert into order_items (id, order_id, product_id, quantity) values (759, 182, 38, 4);
insert into order_items (id, order_id, product_id, quantity) values (760, 37, 44, 1);
insert into order_items (id, order_id, product_id, quantity) values (761, 125, 15, 5);
insert into order_items (id, order_id, product_id, quantity) values (762, 393, 11, 2);
insert into order_items (id, order_id, product_id, quantity) values (763, 173, 1, 2);
insert into order_items (id, order_id, product_id, quantity) values (764, 438, 26, 5);
insert into order_items (id, order_id, product_id, quantity) values (765, 495, 7, 5);
insert into order_items (id, order_id, product_id, quantity) values (766, 45, 29, 2);
insert into order_items (id, order_id, product_id, quantity) values (767, 22, 41, 1);
insert into order_items (id, order_id, product_id, quantity) values (768, 227, 48, 1);
insert into order_items (id, order_id, product_id, quantity) values (769, 475, 48, 5);
insert into order_items (id, order_id, product_id, quantity) values (770, 58, 40, 5);
insert into order_items (id, order_id, product_id, quantity) values (771, 217, 33, 1);
insert into order_items (id, order_id, product_id, quantity) values (772, 47, 10, 1);
insert into order_items (id, order_id, product_id, quantity) values (773, 127, 34, 2);
insert into order_items (id, order_id, product_id, quantity) values (774, 440, 28, 1);
insert into order_items (id, order_id, product_id, quantity) values (775, 258, 39, 1);
insert into order_items (id, order_id, product_id, quantity) values (776, 319, 35, 2);
insert into order_items (id, order_id, product_id, quantity) values (777, 309, 49, 2);
insert into order_items (id, order_id, product_id, quantity) values (778, 213, 23, 1);
insert into order_items (id, order_id, product_id, quantity) values (779, 118, 50, 2);
insert into order_items (id, order_id, product_id, quantity) values (780, 360, 49, 3);
insert into order_items (id, order_id, product_id, quantity) values (781, 3, 34, 5);
insert into order_items (id, order_id, product_id, quantity) values (782, 23, 33, 4);
insert into order_items (id, order_id, product_id, quantity) values (783, 42, 24, 3);
insert into order_items (id, order_id, product_id, quantity) values (784, 75, 41, 4);
insert into order_items (id, order_id, product_id, quantity) values (785, 478, 41, 3);
insert into order_items (id, order_id, product_id, quantity) values (786, 98, 3, 4);
insert into order_items (id, order_id, product_id, quantity) values (787, 106, 22, 1);
insert into order_items (id, order_id, product_id, quantity) values (788, 94, 26, 3);
insert into order_items (id, order_id, product_id, quantity) values (789, 497, 5, 3);
insert into order_items (id, order_id, product_id, quantity) values (790, 206, 19, 4);
insert into order_items (id, order_id, product_id, quantity) values (791, 84, 48, 4);
insert into order_items (id, order_id, product_id, quantity) values (792, 492, 47, 2);
insert into order_items (id, order_id, product_id, quantity) values (793, 391, 26, 4);
insert into order_items (id, order_id, product_id, quantity) values (794, 423, 8, 1);
insert into order_items (id, order_id, product_id, quantity) values (795, 59, 29, 1);
insert into order_items (id, order_id, product_id, quantity) values (796, 464, 25, 4);
insert into order_items (id, order_id, product_id, quantity) values (797, 338, 17, 4);
insert into order_items (id, order_id, product_id, quantity) values (798, 177, 30, 1);
insert into order_items (id, order_id, product_id, quantity) values (799, 480, 19, 3);
insert into order_items (id, order_id, product_id, quantity) values (800, 39, 37, 2);
insert into order_items (id, order_id, product_id, quantity) values (801, 387, 49, 2);
insert into order_items (id, order_id, product_id, quantity) values (802, 291, 9, 4);
insert into order_items (id, order_id, product_id, quantity) values (803, 426, 2, 4);
insert into order_items (id, order_id, product_id, quantity) values (804, 346, 6, 3);
insert into order_items (id, order_id, product_id, quantity) values (805, 346, 1, 1);
insert into order_items (id, order_id, product_id, quantity) values (806, 383, 42, 1);
insert into order_items (id, order_id, product_id, quantity) values (807, 396, 5, 1);
insert into order_items (id, order_id, product_id, quantity) values (808, 187, 27, 2);
insert into order_items (id, order_id, product_id, quantity) values (809, 312, 33, 5);
insert into order_items (id, order_id, product_id, quantity) values (810, 236, 7, 2);
insert into order_items (id, order_id, product_id, quantity) values (811, 289, 3, 2);
insert into order_items (id, order_id, product_id, quantity) values (812, 470, 48, 2);
insert into order_items (id, order_id, product_id, quantity) values (813, 271, 10, 1);
insert into order_items (id, order_id, product_id, quantity) values (814, 86, 35, 5);
insert into order_items (id, order_id, product_id, quantity) values (815, 390, 9, 5);
insert into order_items (id, order_id, product_id, quantity) values (816, 204, 33, 5);
insert into order_items (id, order_id, product_id, quantity) values (817, 196, 34, 4);
insert into order_items (id, order_id, product_id, quantity) values (818, 155, 37, 1);
insert into order_items (id, order_id, product_id, quantity) values (819, 407, 30, 3);
insert into order_items (id, order_id, product_id, quantity) values (820, 57, 1, 3);
insert into order_items (id, order_id, product_id, quantity) values (821, 26, 34, 1);
insert into order_items (id, order_id, product_id, quantity) values (822, 367, 4, 2);
insert into order_items (id, order_id, product_id, quantity) values (823, 71, 50, 5);
insert into order_items (id, order_id, product_id, quantity) values (824, 370, 32, 4);
insert into order_items (id, order_id, product_id, quantity) values (825, 244, 17, 5);
insert into order_items (id, order_id, product_id, quantity) values (826, 389, 46, 1);
insert into order_items (id, order_id, product_id, quantity) values (827, 145, 36, 5);
insert into order_items (id, order_id, product_id, quantity) values (828, 301, 50, 3);
insert into order_items (id, order_id, product_id, quantity) values (829, 59, 34, 1);
insert into order_items (id, order_id, product_id, quantity) values (830, 84, 5, 1);
insert into order_items (id, order_id, product_id, quantity) values (831, 147, 34, 4);
insert into order_items (id, order_id, product_id, quantity) values (832, 461, 33, 3);
insert into order_items (id, order_id, product_id, quantity) values (833, 152, 14, 4);
insert into order_items (id, order_id, product_id, quantity) values (834, 448, 2, 5);
insert into order_items (id, order_id, product_id, quantity) values (835, 233, 21, 2);
insert into order_items (id, order_id, product_id, quantity) values (836, 217, 3, 5);
insert into order_items (id, order_id, product_id, quantity) values (837, 450, 28, 3);
insert into order_items (id, order_id, product_id, quantity) values (838, 142, 5, 3);
insert into order_items (id, order_id, product_id, quantity) values (839, 483, 42, 5);
insert into order_items (id, order_id, product_id, quantity) values (840, 255, 32, 5);
insert into order_items (id, order_id, product_id, quantity) values (841, 188, 23, 5);
insert into order_items (id, order_id, product_id, quantity) values (842, 58, 20, 3);
insert into order_items (id, order_id, product_id, quantity) values (843, 401, 23, 2);
insert into order_items (id, order_id, product_id, quantity) values (844, 485, 49, 5);
insert into order_items (id, order_id, product_id, quantity) values (845, 173, 50, 1);
insert into order_items (id, order_id, product_id, quantity) values (846, 399, 21, 5);
insert into order_items (id, order_id, product_id, quantity) values (847, 129, 19, 1);
insert into order_items (id, order_id, product_id, quantity) values (848, 451, 38, 5);
insert into order_items (id, order_id, product_id, quantity) values (849, 220, 38, 4);
insert into order_items (id, order_id, product_id, quantity) values (850, 224, 47, 2);
insert into order_items (id, order_id, product_id, quantity) values (851, 66, 6, 5);
insert into order_items (id, order_id, product_id, quantity) values (852, 274, 50, 5);
insert into order_items (id, order_id, product_id, quantity) values (853, 226, 18, 4);
insert into order_items (id, order_id, product_id, quantity) values (854, 303, 34, 3);
insert into order_items (id, order_id, product_id, quantity) values (855, 476, 24, 5);
insert into order_items (id, order_id, product_id, quantity) values (856, 176, 34, 1);
insert into order_items (id, order_id, product_id, quantity) values (857, 241, 20, 3);
insert into order_items (id, order_id, product_id, quantity) values (858, 19, 41, 2);
insert into order_items (id, order_id, product_id, quantity) values (859, 10, 15, 5);
insert into order_items (id, order_id, product_id, quantity) values (860, 367, 36, 2);
insert into order_items (id, order_id, product_id, quantity) values (861, 282, 29, 3);
insert into order_items (id, order_id, product_id, quantity) values (862, 220, 5, 5);
insert into order_items (id, order_id, product_id, quantity) values (863, 205, 11, 1);
insert into order_items (id, order_id, product_id, quantity) values (864, 97, 12, 4);
insert into order_items (id, order_id, product_id, quantity) values (865, 385, 43, 4);
insert into order_items (id, order_id, product_id, quantity) values (866, 297, 17, 4);
insert into order_items (id, order_id, product_id, quantity) values (867, 421, 13, 5);
insert into order_items (id, order_id, product_id, quantity) values (868, 289, 17, 5);
insert into order_items (id, order_id, product_id, quantity) values (869, 447, 48, 5);
insert into order_items (id, order_id, product_id, quantity) values (870, 31, 35, 3);
insert into order_items (id, order_id, product_id, quantity) values (871, 443, 21, 1);
insert into order_items (id, order_id, product_id, quantity) values (872, 375, 42, 2);
insert into order_items (id, order_id, product_id, quantity) values (873, 3, 4, 3);
insert into order_items (id, order_id, product_id, quantity) values (874, 35, 22, 4);
insert into order_items (id, order_id, product_id, quantity) values (875, 1, 24, 2);
insert into order_items (id, order_id, product_id, quantity) values (876, 269, 16, 2);
insert into order_items (id, order_id, product_id, quantity) values (877, 154, 43, 3);
insert into order_items (id, order_id, product_id, quantity) values (878, 453, 11, 1);
insert into order_items (id, order_id, product_id, quantity) values (879, 25, 48, 3);
insert into order_items (id, order_id, product_id, quantity) values (880, 497, 50, 1);
insert into order_items (id, order_id, product_id, quantity) values (881, 247, 8, 5);
insert into order_items (id, order_id, product_id, quantity) values (882, 331, 41, 2);
insert into order_items (id, order_id, product_id, quantity) values (883, 243, 23, 1);
insert into order_items (id, order_id, product_id, quantity) values (884, 274, 39, 4);
insert into order_items (id, order_id, product_id, quantity) values (885, 294, 6, 3);
insert into order_items (id, order_id, product_id, quantity) values (886, 138, 12, 5);
insert into order_items (id, order_id, product_id, quantity) values (887, 410, 14, 1);
insert into order_items (id, order_id, product_id, quantity) values (888, 312, 33, 1);
insert into order_items (id, order_id, product_id, quantity) values (889, 370, 32, 5);
insert into order_items (id, order_id, product_id, quantity) values (890, 322, 48, 1);
insert into order_items (id, order_id, product_id, quantity) values (891, 40, 6, 5);
insert into order_items (id, order_id, product_id, quantity) values (892, 1, 18, 1);
insert into order_items (id, order_id, product_id, quantity) values (893, 380, 28, 5);
insert into order_items (id, order_id, product_id, quantity) values (894, 284, 10, 5);
insert into order_items (id, order_id, product_id, quantity) values (895, 137, 13, 5);
insert into order_items (id, order_id, product_id, quantity) values (896, 89, 49, 3);
insert into order_items (id, order_id, product_id, quantity) values (897, 252, 15, 2);
insert into order_items (id, order_id, product_id, quantity) values (898, 398, 34, 1);
insert into order_items (id, order_id, product_id, quantity) values (899, 338, 3, 2);
insert into order_items (id, order_id, product_id, quantity) values (900, 363, 2, 2);
insert into order_items (id, order_id, product_id, quantity) values (901, 471, 17, 1);
insert into order_items (id, order_id, product_id, quantity) values (902, 203, 10, 4);
insert into order_items (id, order_id, product_id, quantity) values (903, 355, 17, 1);
insert into order_items (id, order_id, product_id, quantity) values (904, 431, 35, 1);
insert into order_items (id, order_id, product_id, quantity) values (905, 46, 13, 5);
insert into order_items (id, order_id, product_id, quantity) values (906, 299, 29, 1);
insert into order_items (id, order_id, product_id, quantity) values (907, 165, 31, 1);
insert into order_items (id, order_id, product_id, quantity) values (908, 125, 32, 2);
insert into order_items (id, order_id, product_id, quantity) values (909, 248, 26, 4);
insert into order_items (id, order_id, product_id, quantity) values (910, 500, 4, 5);
insert into order_items (id, order_id, product_id, quantity) values (911, 33, 50, 5);
insert into order_items (id, order_id, product_id, quantity) values (912, 190, 46, 1);
insert into order_items (id, order_id, product_id, quantity) values (913, 367, 23, 1);
insert into order_items (id, order_id, product_id, quantity) values (914, 290, 32, 2);
insert into order_items (id, order_id, product_id, quantity) values (915, 249, 44, 2);
insert into order_items (id, order_id, product_id, quantity) values (916, 403, 13, 1);
insert into order_items (id, order_id, product_id, quantity) values (917, 152, 10, 2);
insert into order_items (id, order_id, product_id, quantity) values (918, 336, 17, 1);
insert into order_items (id, order_id, product_id, quantity) values (919, 464, 6, 3);
insert into order_items (id, order_id, product_id, quantity) values (920, 56, 41, 1);
insert into order_items (id, order_id, product_id, quantity) values (921, 374, 47, 5);
insert into order_items (id, order_id, product_id, quantity) values (922, 228, 15, 3);
insert into order_items (id, order_id, product_id, quantity) values (923, 70, 18, 2);
insert into order_items (id, order_id, product_id, quantity) values (924, 183, 5, 3);
insert into order_items (id, order_id, product_id, quantity) values (925, 30, 28, 1);
insert into order_items (id, order_id, product_id, quantity) values (926, 25, 46, 3);
insert into order_items (id, order_id, product_id, quantity) values (927, 68, 36, 3);
insert into order_items (id, order_id, product_id, quantity) values (928, 423, 5, 3);
insert into order_items (id, order_id, product_id, quantity) values (929, 284, 27, 2);
insert into order_items (id, order_id, product_id, quantity) values (930, 486, 50, 5);
insert into order_items (id, order_id, product_id, quantity) values (931, 52, 29, 2);
insert into order_items (id, order_id, product_id, quantity) values (932, 248, 1, 1);
insert into order_items (id, order_id, product_id, quantity) values (933, 314, 35, 1);
insert into order_items (id, order_id, product_id, quantity) values (934, 346, 25, 3);
insert into order_items (id, order_id, product_id, quantity) values (935, 312, 9, 2);
insert into order_items (id, order_id, product_id, quantity) values (936, 101, 1, 3);
insert into order_items (id, order_id, product_id, quantity) values (937, 217, 21, 4);
insert into order_items (id, order_id, product_id, quantity) values (938, 255, 32, 4);
insert into order_items (id, order_id, product_id, quantity) values (939, 185, 20, 1);
insert into order_items (id, order_id, product_id, quantity) values (940, 391, 28, 2);
insert into order_items (id, order_id, product_id, quantity) values (941, 247, 48, 1);
insert into order_items (id, order_id, product_id, quantity) values (942, 393, 35, 1);
insert into order_items (id, order_id, product_id, quantity) values (943, 370, 42, 1);
insert into order_items (id, order_id, product_id, quantity) values (944, 192, 22, 4);
insert into order_items (id, order_id, product_id, quantity) values (945, 266, 11, 3);
insert into order_items (id, order_id, product_id, quantity) values (946, 263, 4, 2);
insert into order_items (id, order_id, product_id, quantity) values (947, 417, 45, 5);
insert into order_items (id, order_id, product_id, quantity) values (948, 421, 47, 2);
insert into order_items (id, order_id, product_id, quantity) values (949, 178, 40, 4);
insert into order_items (id, order_id, product_id, quantity) values (950, 344, 30, 5);
insert into order_items (id, order_id, product_id, quantity) values (951, 295, 34, 4);
insert into order_items (id, order_id, product_id, quantity) values (952, 289, 49, 2);
insert into order_items (id, order_id, product_id, quantity) values (953, 118, 9, 4);
insert into order_items (id, order_id, product_id, quantity) values (954, 343, 14, 5);
insert into order_items (id, order_id, product_id, quantity) values (955, 141, 5, 3);
insert into order_items (id, order_id, product_id, quantity) values (956, 187, 9, 1);
insert into order_items (id, order_id, product_id, quantity) values (957, 474, 2, 5);
insert into order_items (id, order_id, product_id, quantity) values (958, 116, 12, 5);
insert into order_items (id, order_id, product_id, quantity) values (959, 455, 35, 4);
insert into order_items (id, order_id, product_id, quantity) values (960, 250, 38, 4);
insert into order_items (id, order_id, product_id, quantity) values (961, 75, 27, 1);
insert into order_items (id, order_id, product_id, quantity) values (962, 442, 23, 5);
insert into order_items (id, order_id, product_id, quantity) values (963, 125, 27, 1);
insert into order_items (id, order_id, product_id, quantity) values (964, 126, 12, 2);
insert into order_items (id, order_id, product_id, quantity) values (965, 486, 15, 5);
insert into order_items (id, order_id, product_id, quantity) values (966, 322, 20, 1);
insert into order_items (id, order_id, product_id, quantity) values (967, 351, 19, 5);
insert into order_items (id, order_id, product_id, quantity) values (968, 449, 2, 2);
insert into order_items (id, order_id, product_id, quantity) values (969, 322, 38, 3);
insert into order_items (id, order_id, product_id, quantity) values (970, 109, 14, 4);
insert into order_items (id, order_id, product_id, quantity) values (971, 186, 37, 1);
insert into order_items (id, order_id, product_id, quantity) values (972, 345, 23, 3);
insert into order_items (id, order_id, product_id, quantity) values (973, 33, 30, 1);
insert into order_items (id, order_id, product_id, quantity) values (974, 370, 47, 5);
insert into order_items (id, order_id, product_id, quantity) values (975, 461, 13, 1);
insert into order_items (id, order_id, product_id, quantity) values (976, 361, 12, 1);
insert into order_items (id, order_id, product_id, quantity) values (977, 363, 50, 4);
insert into order_items (id, order_id, product_id, quantity) values (978, 343, 1, 4);
insert into order_items (id, order_id, product_id, quantity) values (979, 420, 43, 3);
insert into order_items (id, order_id, product_id, quantity) values (980, 94, 1, 2);
insert into order_items (id, order_id, product_id, quantity) values (981, 395, 50, 3);
insert into order_items (id, order_id, product_id, quantity) values (982, 259, 4, 3);
insert into order_items (id, order_id, product_id, quantity) values (983, 236, 37, 5);
insert into order_items (id, order_id, product_id, quantity) values (984, 385, 32, 2);
insert into order_items (id, order_id, product_id, quantity) values (985, 300, 10, 2);
insert into order_items (id, order_id, product_id, quantity) values (986, 209, 32, 4);
insert into order_items (id, order_id, product_id, quantity) values (987, 171, 17, 4);
insert into order_items (id, order_id, product_id, quantity) values (988, 452, 49, 2);
insert into order_items (id, order_id, product_id, quantity) values (989, 87, 35, 1);
insert into order_items (id, order_id, product_id, quantity) values (990, 89, 13, 2);
insert into order_items (id, order_id, product_id, quantity) values (991, 104, 19, 2);
insert into order_items (id, order_id, product_id, quantity) values (992, 396, 14, 2);
insert into order_items (id, order_id, product_id, quantity) values (993, 159, 42, 5);
insert into order_items (id, order_id, product_id, quantity) values (994, 368, 43, 5);
insert into order_items (id, order_id, product_id, quantity) values (995, 375, 16, 3);
insert into order_items (id, order_id, product_id, quantity) values (996, 451, 11, 3);
insert into order_items (id, order_id, product_id, quantity) values (997, 246, 7, 3);
insert into order_items (id, order_id, product_id, quantity) values (998, 407, 16, 3);
insert into order_items (id, order_id, product_id, quantity) values (999, 140, 45, 2);
insert into order_items (id, order_id, product_id, quantity) values (1000, 114, 43, 1);
